Ngày,Đóng cửa,Mở,Cao,Thấp,KL,% Thay đổi
30/12/2022,"13,500.0","13,100.0","13,500.0","13,100.0",13.30K,-6.90%
29/12/2022,"14,500.0","14,700.0","14,700.0","14,500.0",1.10K,0.69%
28/12/2022,"14,400.0","14,400.0","14,400.0","14,400.0",0.10K,2.86%
27/12/2022,"14,000.0","14,000.0","14,000.0","14,000.0",0.10K,6.06%
26/12/2022,"13,200.0","13,200.0","13,200.0","13,200.0",0.40K,-9.59%
21/12/2022,"14,600.0","14,600.0","14,600.0","14,600.0",0.10K,-9.88%
19/12/2022,"16,200.0","16,300.0","16,300.0","13,500.0",2.00K,8.72%
16/12/2022,"14,900.0","15,700.0","15,700.0","13,000.0",2.30K,4.20%
15/12/2022,"14,300.0","13,000.0","14,300.0","13,000.0",1.70K,10.00%
06/12/2022,"13,000.0","13,000.0","13,000.0","13,000.0",0.10K,-9.09%
01/12/2022,"14,300.0","14,300.0","14,300.0","14,300.0",0.10K,10.00%
30/11/2022,"13,000.0","13,000.0","13,000.0","13,000.0",0.10K,3.17%
28/11/2022,"12,600.0","12,600.0","12,600.0","12,600.0",1.70K,0.00%
25/11/2022,"12,600.0","12,500.0","12,600.0","12,500.0",0.80K,0.80%
18/11/2022,"12,500.0","12,500.0","12,500.0","12,500.0",1.00K,-0.79%
10/11/2022,"12,600.0","12,600.0","12,600.0","12,500.0",1.40K,-3.08%
09/11/2022,"13,000.0","13,000.0","13,100.0","13,000.0",2.90K,0.00%
07/11/2022,"13,000.0","11,700.0","13,000.0","11,700.0",2.10K,1.56%
04/11/2022,"12,800.0","12,700.0","12,800.0","12,700.0",3.30K,9.40%
03/11/2022,"11,700.0","11,700.0","11,700.0","11,700.0",0.40K,-10.00%
01/11/2022,"13,000.0","13,000.0","13,000.0","13,000.0",0.18K,4.00%
28/10/2022,"12,500.0","12,500.0","12,500.0","12,500.0",0.10K,-9.42%
26/10/2022,"13,800.0","13,700.0","13,800.0","13,700.0",0.70K,0.73%
24/10/2022,"13,700.0","12,400.0","13,700.0","12,400.0",0.30K,2.24%
21/10/2022,"13,400.0","13,400.0","13,400.0","13,400.0",0.10K,-9.46%
20/10/2022,"14,800.0","12,700.0","14,800.0","12,700.0",0.30K,5.71%
19/10/2022,"14,000.0","12,700.0","14,000.0","12,700.0",5.90K,-0.71%
18/10/2022,"14,100.0","14,000.0","14,100.0","14,000.0",14.30K,3.68%
17/10/2022,"13,600.0","13,600.0","13,600.0","13,600.0",0.10K,9.68%
12/10/2022,"12,400.0","12,400.0","12,400.0","12,400.0",0.10K,-9.49%
11/10/2022,"13,700.0","12,200.0","13,700.0","12,200.0",0.20K,1.48%
07/10/2022,"13,500.0","13,500.0","13,500.0","13,500.0",1.00K,1.50%
05/10/2022,"13,300.0","13,300.0","13,300.0","13,300.0",0.10K,-9.52%
29/09/2022,"14,700.0","14,700.0","14,700.0","14,700.0",0.40K,0.68%
21/09/2022,"14,600.0","14,600.0","14,600.0","14,600.0",0.10K,8.96%
19/09/2022,"13,400.0","13,400.0","13,400.0","13,400.0",0.10K,-9.46%
16/09/2022,"14,800.0","14,800.0","14,800.0","14,800.0",0.20K,-9.76%
13/09/2022,"16,400.0","16,400.0","16,400.0","16,400.0",0.30K,9.33%
12/09/2022,"15,000.0","14,100.0","15,000.0","14,100.0",0.80K,7.14%
08/09/2022,"14,000.0","14,000.0","14,000.0","14,000.0",0.10K,2.94%
06/09/2022,"13,600.0","13,600.0","13,600.0","13,600.0",0.10K,3.82%
22/08/2022,"13,100.0","13,100.0","13,100.0","13,100.0",0.10K,-9.66%
19/08/2022,"14,500.0","13,100.0","14,500.0","13,100.0",0.20K,0.00%
17/08/2022,"14,500.0","14,500.0","14,500.0","14,500.0",3.00K,2.84%
15/08/2022,"14,100.0","14,100.0","14,100.0","14,100.0",0.10K,0.00%
11/08/2022,"14,100.0","12,700.0","14,100.0","12,700.0",0.70K,0.00%
09/08/2022,"14,100.0","14,100.0","14,100.0","14,100.0",0.11K,9.30%
01/08/2022,"12,900.0","12,900.0","12,900.0","12,900.0",0.10K,9.32%
28/07/2022,"11,800.0","14,300.0","14,300.0","11,800.0",2.10K,-9.23%
08/07/2022,"13,000.0","13,000.0","13,000.0","13,000.0",0.10K,-9.72%
07/07/2022,"14,400.0","14,400.0","14,400.0","14,400.0",0.10K,-10.00%
06/07/2022,"16,000.0","13,500.0","16,000.0","13,500.0",0.20K,6.67%
29/06/2022,"15,000.0","13,500.0","15,000.0","13,500.0",0.30K,0.00%
20/06/2022,"15,000.0","15,000.0","15,000.0","15,000.0",0.30K,0.00%
03/06/2022,"15,000.0","15,000.0","15,000.0","15,000.0",0.10K,1.35%
02/06/2022,"14,800.0","14,800.0","14,800.0","14,800.0",0.30K,9.63%
30/05/2022,"13,500.0","13,500.0","13,500.0","13,500.0",0.10K,9.76%
25/05/2022,"12,300.0","12,300.0","12,300.0","12,300.0",0.10K,-8.89%
24/05/2022,"13,500.0","13,500.0","13,500.0","13,500.0",0.10K,-10.00%
23/05/2022,"15,000.0","13,500.0","15,000.0","13,500.0",0.20K,0.00%
13/05/2022,"15,000.0","13,100.0","15,000.0","13,100.0",0.20K,3.45%
12/05/2022,"14,500.0","14,500.0","14,500.0","14,500.0",1.00K,-9.38%
09/05/2022,"16,000.0","16,000.0","16,000.0","16,000.0",0.30K,0.00%
06/05/2022,"16,000.0","15,500.0","16,000.0","15,500.0",0.60K,6.67%
05/05/2022,"15,000.0","14,900.0","15,000.0","14,900.0",0.30K,-9.09%
04/05/2022,"16,500.0","16,500.0","16,500.0","16,500.0",0.10K,-1.20%
29/04/2022,"16,700.0","14,000.0","17,000.0","14,000.0",5.70K,7.74%
28/04/2022,"15,500.0","15,500.0","15,500.0","15,500.0",,2.65%
21/04/2022,"15,100.0","15,500.0","16,500.0","15,000.0",2.00K,-8.48%
18/04/2022,"16,500.0","16,500.0","16,500.0","16,500.0",1.80K,0.00%
14/04/2022,"16,500.0","16,500.0","16,500.0","16,500.0",2.00K,0.00%
06/04/2022,"16,500.0","16,500.0","16,500.0","16,500.0",0.23K,0.00%
01/04/2022,"16,500.0","14,400.0","16,500.0","14,400.0",0.20K,4.43%
28/03/2022,"15,800.0","15,800.0","15,800.0","15,800.0",0.10K,-1.86%
25/03/2022,"16,100.0","16,100.0","16,100.0","16,100.0",1.80K,0.63%
24/03/2022,"16,000.0","14,400.0","16,300.0","14,400.0",5.50K,0.00%
23/03/2022,"16,000.0","16,100.0","16,100.0","16,000.0",1.30K,0.63%
22/03/2022,"15,900.0","15,900.0","15,900.0","15,900.0",0.80K,0.00%
21/03/2022,"15,900.0","15,900.0","16,000.0","15,800.0",3.80K,0.00%
18/03/2022,"15,900.0","15,500.0","16,400.0","15,500.0",0.40K,2.58%
16/03/2022,"15,500.0","14,200.0","15,500.0","14,200.0",0.20K,-1.27%
11/03/2022,"15,700.0","15,500.0","15,700.0","15,500.0",0.23K,1.29%
10/03/2022,"15,500.0","15,600.0","15,800.0","15,500.0",1.00K,-0.64%
09/03/2022,"15,600.0","15,700.0","15,700.0","15,600.0",0.50K,0.65%
04/03/2022,"15,500.0","15,500.0","15,500.0","15,500.0",0.10K,2.65%
28/02/2022,"15,100.0","15,100.0","15,100.0","15,100.0",0.10K,5.59%
25/02/2022,"14,300.0","14,300.0","14,300.0","14,300.0",0.10K,2.14%
24/02/2022,"14,000.0","14,000.0","14,000.0","14,000.0",0.50K,-1.41%
23/02/2022,"14,200.0","14,200.0","14,200.0","14,200.0",0.10K,0.00%
22/02/2022,"14,200.0","16,000.0","16,000.0","14,200.0",0.30K,-5.33%
18/02/2022,"15,000.0","15,000.0","15,000.0","15,000.0",0.60K,-4.46%
14/02/2022,"15,700.0","15,700.0","15,700.0","15,700.0",0.50K,0.00%
09/02/2022,"15,700.0","15,700.0","15,700.0","15,700.0",0.20K,0.00%
27/01/2022,"15,700.0","15,700.0","15,700.0","15,700.0",0.10K,0.00%
20/01/2022,"15,700.0","15,700.0","15,700.0","15,700.0",0.30K,8.28%
17/01/2022,"14,500.0","14,400.0","14,500.0","14,400.0",0.70K,-9.38%
14/01/2022,"16,000.0","16,000.0","16,000.0","16,000.0",0.20K,7.38%
11/01/2022,"14,900.0","14,900.0","14,900.0","14,900.0",0.20K,0.00%
10/01/2022,"14,900.0","15,100.0","15,100.0","14,900.0",0.90K,7.97%
07/01/2022,"13,800.0","13,800.0","13,800.0","13,800.0",0.10K,-8.00%
31/12/2021,"15,000.0","15,100.0","15,100.0","15,000.0",0.50K,5.63%
30/12/2021,"14,200.0","14,200.0","14,200.0","14,200.0",0.10K,1.43%
29/12/2021,"14,000.0","14,000.0","14,000.0","14,000.0",0.10K,0.00%
28/12/2021,"14,000.0","14,000.0","14,000.0","14,000.0",0.10K,0.72%
27/12/2021,"13,900.0","14,100.0","14,100.0","13,900.0",8.60K,-1.42%
24/12/2021,"14,100.0","14,100.0","14,100.0","14,100.0",0.30K,0.71%
23/12/2021,"14,000.0","14,800.0","15,000.0","13,600.0",1.40K,-7.28%
22/12/2021,"15,100.0","14,600.0","15,100.0","14,600.0",0.90K,4.86%
21/12/2021,"14,400.0","14,400.0","14,400.0","14,400.0",0.10K,-10.00%
17/12/2021,"16,000.0","16,000.0","16,000.0","16,000.0",0.15K,0.00%
16/12/2021,"16,000.0","16,000.0","16,000.0","16,000.0",0.10K,0.00%
06/12/2021,"16,000.0","16,000.0","16,000.0","16,000.0",0.10K,-5.33%
03/12/2021,"16,900.0","17,000.0","17,000.0","16,900.0",0.25K,1.20%
29/11/2021,"16,700.0","16,500.0","16,700.0","16,500.0",0.30K,7.74%
26/11/2021,"15,500.0","15,300.0","15,500.0","15,300.0",0.50K,-8.28%
25/11/2021,"16,900.0","17,000.0","17,000.0","16,900.0",0.30K,0.00%
24/11/2021,"16,900.0","16,800.0","16,900.0","16,800.0",0.20K,0.00%
23/11/2021,"16,900.0","16,100.0","17,000.0","16,100.0",0.30K,-5.06%
17/11/2021,"17,800.0","17,800.0","17,800.0","17,800.0",0.10K,4.71%
16/11/2021,"17,000.0","17,000.0","17,000.0","17,000.0",1.30K,-5.56%
08/11/2021,"18,000.0","17,800.0","18,000.0","17,800.0",0.60K,0.56%
05/11/2021,"17,900.0","16,200.0","17,900.0","16,200.0",0.40K,0.00%
01/11/2021,"17,900.0","17,700.0","17,900.0","17,700.0",0.40K,0.00%
28/10/2021,"17,900.0","17,900.0","17,900.0","17,900.0",0.10K,8.48%
26/10/2021,"16,500.0","16,500.0","16,500.0","16,500.0",0.10K,-6.78%
25/10/2021,"17,700.0","17,700.0","17,700.0","17,700.0",0.60K,-9.69%
15/10/2021,"19,600.0","18,000.0","19,600.0","17,800.0",1.20K,-0.51%
11/10/2021,"19,700.0","17,300.0","19,700.0","17,200.0",0.50K,4.23%
08/10/2021,"18,900.0","18,900.0","18,900.0","18,900.0",0.50K,-10.00%
07/10/2021,"21,000.0","19,200.0","21,000.0","17,500.0",2.30K,9.38%
06/10/2021,"19,200.0","17,400.0","19,200.0","17,400.0",0.22K,-0.52%
05/10/2021,"19,300.0","15,900.0","19,300.0","15,900.0",0.20K,9.66%
04/10/2021,"17,600.0","17,600.0","17,600.0","17,600.0",1.00K,-6.88%
29/09/2021,"18,900.0","18,900.0","18,900.0","18,900.0",0.20K,-10.00%
28/09/2021,"21,000.0","18,900.0","21,000.0","18,900.0",0.30K,0.48%
27/09/2021,"20,900.0","18,900.0","21,200.0","18,900.0",1.40K,-0.48%
24/09/2021,"21,000.0","18,000.0","21,000.0","18,000.0",1.60K,5.00%
23/09/2021,"20,000.0","19,300.0","20,000.0","17,600.0",1.60K,3.63%
22/09/2021,"19,300.0","17,500.0","19,300.0","17,400.0",0.98K,0.00%
21/09/2021,"19,300.0","18,500.0","19,300.0","16,800.0",2.30K,4.32%
20/09/2021,"18,500.0","16,500.0","18,500.0","16,500.0",0.80K,2.78%
17/09/2021,"18,000.0","18,000.0","18,000.0","16,600.0",0.70K,8.43%
16/09/2021,"16,600.0","16,600.0","16,600.0","16,600.0",1.40K,9.93%
15/09/2021,"15,100.0","15,100.0","15,100.0","15,100.0",0.10K,0.00%
08/09/2021,"15,100.0","15,100.0","15,100.0","15,100.0",0.60K,9.42%
07/09/2021,"13,800.0","13,800.0","13,800.0","13,800.0",0.10K,-1.43%
31/08/2021,"14,000.0","14,000.0","14,000.0","14,000.0",0.60K,0.00%
06/08/2021,"14,000.0","14,000.0","14,000.0","14,000.0",0.10K,0.00%
04/08/2021,"14,000.0","14,000.0","14,000.0","14,000.0",2.40K,0.00%
03/08/2021,"14,000.0","14,000.0","14,000.0","14,000.0",0.10K,2.94%
02/08/2021,"13,600.0","13,600.0","13,600.0","13,600.0",1.30K,-7.48%
27/07/2021,"14,700.0","14,700.0","14,700.0","14,700.0",0.20K,0.00%
23/07/2021,"14,700.0","14,700.0","14,700.0","14,700.0",0.20K,5.76%
21/07/2021,"13,900.0","13,800.0","14,500.0","13,800.0",0.50K,-0.71%
12/07/2021,"14,000.0","14,000.0","14,000.0","14,000.0",1.80K,0.00%
30/06/2021,"14,000.0","14,000.0","14,000.0","14,000.0",0.70K,0.00%
24/06/2021,"14,000.0","14,000.0","14,000.0","14,000.0",0.10K,2.19%
18/06/2021,"13,700.0","13,600.0","14,000.0","13,600.0",1.40K,1.48%
16/06/2021,"13,500.0","13,500.0","13,500.0","13,500.0",2.00K,-2.88%
11/06/2021,"13,900.0","13,900.0","13,900.0","13,900.0",0.80K,2.21%
10/06/2021,"13,600.0","13,500.0","13,600.0","13,500.0",0.80K,0.74%
04/06/2021,"13,500.0","13,500.0","13,500.0","13,500.0",0.10K,-3.57%
28/05/2021,"14,000.0","14,000.0","14,000.0","14,000.0",0.10K,3.70%
25/05/2021,"13,500.0","13,500.0","13,500.0","13,500.0",0.30K,2.27%
13/05/2021,"13,200.0","14,000.0","14,000.0","13,200.0",0.20K,-3.65%
11/05/2021,"13,700.0","13,700.0","13,700.0","13,700.0",0.10K,-6.16%
10/05/2021,"14,600.0","14,000.0","14,600.0","14,000.0",0.30K,7.35%
07/05/2021,"13,600.0","14,700.0","14,700.0","13,500.0",0.80K,0.00%
06/05/2021,"13,600.0","13,800.0","13,800.0","13,600.0",0.91K,-0.73%
05/05/2021,"13,700.0","13,500.0","13,800.0","13,500.0",0.30K,-6.16%
04/05/2021,"14,600.0","14,200.0","14,600.0","14,200.0",0.80K,9.77%
29/04/2021,"13,300.0","13,942.0","14,401.0","13,300.0",2.40K,1.40%
27/04/2021,"13,117.0","13,117.0","13,117.0","13,117.0",0.20K,3.63%
26/04/2021,"12,658.0","13,850.0","13,850.0","12,658.0",0.50K,-16.17%
23/04/2021,"15,100.0","15,000.0","15,100.0","15,000.0",0.30K,4.14%
22/04/2021,"14,500.0","14,500.0","14,500.0","14,500.0",0.50K,3.57%
20/04/2021,"14,000.0","14,000.0","14,000.0","14,000.0",0.50K,1.45%
19/04/2021,"13,800.0","15,000.0","15,000.0","13,600.0",1.21K,-8.61%
16/04/2021,"15,100.0","15,100.0","15,200.0","15,100.0",1.50K,0.00%
15/04/2021,"15,100.0","15,000.0","15,100.0","15,000.0",0.50K,0.67%
14/04/2021,"15,000.0","15,000.0","15,000.0","15,000.0",0.10K,4.17%
13/04/2021,"14,400.0","14,400.0","14,400.0","14,400.0",0.40K,0.70%
05/04/2021,"14,300.0","14,300.0","14,300.0","14,300.0",0.10K,2.14%
02/04/2021,"14,000.0","14,000.0","14,000.0","14,000.0",0.10K,1.45%
30/03/2021,"13,800.0","13,800.0","13,800.0","13,800.0",1.30K,2.22%
19/03/2021,"13,500.0","13,500.0","13,500.0","13,500.0",2.00K,-3.57%
16/03/2021,"14,000.0","14,000.0","14,000.0","14,000.0",0.21K,-7.28%
15/03/2021,"15,100.0","15,100.0","15,100.0","15,100.0",1.60K,0.67%
10/03/2021,"15,000.0","15,000.0","15,000.0","15,000.0",1.30K,-3.23%
09/03/2021,"15,500.0","15,500.0","15,500.0","15,500.0",0.12K,7.64%
04/03/2021,"14,400.0","14,400.0","14,400.0","14,400.0",0.40K,2.86%
01/03/2021,"14,000.0","13,500.0","14,000.0","13,500.0",0.20K,0.00%
25/02/2021,"14,000.0","14,000.0","14,000.0","14,000.0",0.42K,3.70%
19/02/2021,"13,500.0","13,000.0","13,500.0","13,000.0",0.60K,0.00%
28/01/2021,"13,500.0","13,500.0","13,500.0","13,500.0",0.20K,-1.46%
27/01/2021,"13,700.0","14,000.0","14,000.0","13,700.0",2.00K,-8.67%
19/01/2021,"15,000.0","15,700.0","15,700.0","15,000.0",0.60K,-6.25%
14/01/2021,"16,000.0","15,000.0","16,000.0","15,000.0",2.10K,6.67%
13/01/2021,"15,000.0","15,000.0","15,000.0","15,000.0",0.20K,5.63%
12/01/2021,"14,200.0","14,400.0","14,400.0","14,200.0",1.30K,-1.39%
11/01/2021,"14,400.0","15,400.0","15,400.0","14,400.0",0.20K,-0.69%
31/12/2020,"14,500.0","12,600.0","14,500.0","12,600.0",0.27K,6.62%
23/12/2020,"13,600.0","13,500.0","13,600.0","13,500.0",0.20K,0.74%
22/12/2020,"13,500.0","11,800.0","13,500.0","11,800.0",0.20K,3.85%
16/12/2020,"13,000.0","13,000.0","13,000.0","13,000.0",0.10K,-0.76%
15/12/2020,"13,100.0","13,100.0","13,100.0","13,100.0",0.15K,0.00%
14/12/2020,"13,100.0","13,100.0","13,100.0","13,100.0",0.10K,0.77%
10/12/2020,"13,000.0","12,100.0","13,000.0","12,100.0",19.70K,8.33%
09/12/2020,"12,000.0","12,000.0","12,000.0","12,000.0",0.40K,-7.69%
08/12/2020,"13,000.0","13,000.0","13,000.0","13,000.0",1.10K,-5.11%
04/12/2020,"13,700.0","13,700.0","13,700.0","13,700.0",0.10K,1.48%
30/11/2020,"13,500.0","13,100.0","13,500.0","13,100.0",1.00K,8.00%
26/11/2020,"12,500.0","11,300.0","12,500.0","11,300.0",0.21K,0.00%
23/11/2020,"12,500.0","12,500.0","12,500.0","12,500.0",0.10K,-8.09%
18/11/2020,"13,600.0","13,700.0","13,700.0","13,600.0",10.10K,0.00%
13/11/2020,"13,600.0","11,800.0","13,600.0","11,800.0",0.20K,3.82%
10/11/2020,"13,100.0","13,100.0","13,100.0","13,100.0",0.10K,-9.66%
21/10/2020,"14,500.0","14,500.0","14,500.0","14,500.0",0.10K,7.41%
20/10/2020,"13,500.0","13,600.0","13,600.0","13,500.0",0.20K,5.47%
15/10/2020,"12,800.0","12,800.0","12,800.0","12,800.0",0.10K,-5.19%
13/10/2020,"13,500.0","13,500.0","13,500.0","13,500.0",0.50K,2.27%
09/10/2020,"13,200.0","13,200.0","13,200.0","13,200.0",0.20K,0.00%
06/10/2020,"13,200.0","13,600.0","13,600.0","13,200.0",0.75K,-2.94%
30/09/2020,"13,600.0","13,600.0","13,600.0","13,600.0",0.90K,0.00%
23/09/2020,"13,600.0","13,600.0","13,600.0","13,600.0",0.11K,-1.45%
21/09/2020,"13,800.0","13,800.0","13,800.0","13,800.0",0.50K,1.47%
17/09/2020,"13,600.0","12,700.0","13,600.0","12,700.0",0.40K,-2.86%
08/09/2020,"14,000.0","13,900.0","14,000.0","13,900.0",1.55K,1.45%
07/09/2020,"13,800.0","13,800.0","13,800.0","13,800.0",1.40K,-9.80%
04/09/2020,"15,300.0","15,300.0","15,300.0","15,300.0",0.10K,-10.00%
31/08/2020,"17,000.0","17,000.0","17,000.0","17,000.0",0.10K,0.00%
28/08/2020,"17,000.0","17,000.0","17,000.0","17,000.0",0.10K,9.68%
21/08/2020,"15,500.0","15,500.0","15,500.0","15,500.0",0.10K,-1.27%
11/08/2020,"15,700.0","15,700.0","15,700.0","15,700.0",0.10K,0.32%
23/06/2020,"15,650.0","15,650.0","15,650.0","15,650.0",0.40K,-7.40%
22/06/2020,"16,900.0","16,900.0","16,900.0","16,900.0",0.51K,0.60%
15/06/2020,"16,800.0","16,800.0","16,800.0","16,800.0",0.10K,-0.59%
08/06/2020,"16,900.0","16,900.0","16,900.0","16,900.0",2.20K,6.29%
27/05/2020,"15,900.0","15,900.0","15,900.0","15,900.0",0.10K,6.00%
22/04/2020,"15,000.0","15,000.0","15,000.0","15,000.0",1.00K,0.00%
17/04/2020,"15,000.0","15,000.0","15,000.0","15,000.0",44.80K,4.17%
10/04/2020,"14,400.0","14,400.0","14,400.0","14,400.0",1.00K,8.27%
08/04/2020,"13,300.0","13,300.0","13,300.0","13,300.0",1.00K,-9.52%
03/04/2020,"14,700.0","14,700.0","14,700.0","14,700.0",0.20K,0.00%
31/03/2020,"14,700.0","14,700.0","14,700.0","14,700.0",0.10K,-9.82%
30/03/2020,"16,300.0","16,300.0","16,300.0","16,300.0",0.10K,9.40%
25/03/2020,"14,900.0","14,900.0","14,900.0","14,900.0",0.10K,9.56%
20/03/2020,"13,600.0","11,200.0","13,600.0","11,200.0",0.30K,9.68%
17/03/2020,"12,400.0","12,400.0","12,400.0","12,400.0",0.10K,-9.49%
12/03/2020,"13,700.0","12,500.0","13,700.0","12,500.0",1.40K,9.60%
11/03/2020,"12,500.0","12,500.0","12,500.0","12,500.0",0.10K,5.93%
10/03/2020,"11,800.0","11,800.0","11,800.0","11,800.0",0.10K,-9.23%
09/03/2020,"13,000.0","13,500.0","13,500.0","13,000.0",3.50K,-3.70%
25/02/2020,"13,500.0","13,500.0","13,500.0","13,500.0",0.52K,-6.90%
17/02/2020,"14,500.0","14,500.0","14,500.0","14,500.0",1.00K,-6.45%
14/02/2020,"15,500.0","15,500.0","15,500.0","15,500.0",0.10K,-8.28%
11/02/2020,"16,900.0","16,900.0","16,900.0","16,900.0",0.11K,-9.63%
10/02/2020,"18,700.0","18,700.0","18,700.0","18,700.0",0.10K,-9.66%
07/02/2020,"20,700.0","20,700.0","20,700.0","20,700.0",0.10K,-9.61%
06/02/2020,"22,900.0","25,400.0","25,400.0","22,900.0",0.20K,-9.84%
04/02/2020,"25,400.0","25,400.0","25,400.0","25,400.0",0.10K,8.55%
03/02/2020,"23,400.0","23,400.0","23,400.0","23,400.0",0.10K,8.84%
30/01/2020,"21,500.0","21,500.0","21,500.0","21,500.0",0.10K,9.69%
22/01/2020,"19,600.0","19,600.0","19,600.0","19,600.0",0.10K,9.50%
21/01/2020,"17,900.0","17,900.0","17,900.0","17,900.0",0.10K,0.00%
20/01/2020,"17,900.0","17,900.0","17,900.0","17,900.0",0.20K,2.87%
17/01/2020,"17,400.0","17,400.0","17,400.0","17,400.0",0.10K,-2.25%
16/01/2020,"17,800.0","17,800.0","17,800.0","17,800.0",0.10K,-0.56%
15/01/2020,"17,900.0","17,900.0","17,900.0","17,900.0",0.10K,-0.56%
14/01/2020,"18,000.0","18,000.0","18,000.0","18,000.0",0.10K,6.51%
13/01/2020,"16,900.0","14,700.0","16,900.0","14,700.0",0.24K,3.68%
10/01/2020,"16,300.0","16,300.0","16,300.0","16,300.0",0.10K,9.40%
09/01/2020,"14,900.0","14,900.0","14,900.0","14,900.0",0.10K,3.47%
08/01/2020,"14,400.0","12,600.0","14,400.0","12,600.0",0.20K,6.67%
17/12/2019,"13,500.0","13,500.0","13,500.0","13,500.0",0.10K,-10.00%
11/12/2019,"15,000.0","14,500.0","15,000.0","14,500.0",0.50K,9.49%
04/12/2019,"13,700.0","13,700.0","13,700.0","13,700.0",1.30K,0.00%
03/12/2019,"13,700.0","13,100.0","14,500.0","13,100.0",2.63K,-5.52%
02/12/2019,"14,500.0","14,500.0","14,500.0","14,500.0",0.30K,0.00%
14/11/2019,"14,500.0","14,500.0","14,500.0","14,500.0",0.20K,0.00%
31/10/2019,"14,500.0","14,500.0","14,500.0","14,500.0",0.30K,0.69%
22/10/2019,"14,400.0","14,400.0","14,400.0","14,400.0",0.90K,-0.69%
10/10/2019,"14,500.0","14,500.0","14,500.0","14,500.0",0.50K,0.00%
09/10/2019,"14,500.0","14,500.0","14,500.0","14,500.0",0.53K,0.00%
03/10/2019,"14,500.0","14,500.0","14,500.0","14,500.0",0.20K,7.41%
09/09/2019,"13,500.0","13,500.0","13,500.0","13,500.0",0.50K,-7.53%
14/08/2019,"14,600.0","14,700.0","14,700.0","14,600.0",4.50K,0.00%
13/08/2019,"14,600.0","14,500.0","14,600.0","14,500.0",10.60K,4.29%
05/08/2019,"14,000.0","14,000.0","14,000.0","13,100.0",5.20K,-3.45%
01/08/2019,"14,500.0","14,500.0","14,500.0","14,500.0",0.20K,-2.68%
29/07/2019,"14,900.0","14,900.0","14,900.0","14,900.0",4.10K,-9.70%
04/07/2019,"16,500.0","16,500.0","16,500.0","16,500.0",0.10K,5.10%
03/07/2019,"15,700.0","15,700.0","15,700.0","15,700.0",0.10K,9.03%
24/06/2019,"14,400.0","15,700.0","15,700.0","14,400.0",3.70K,-9.43%
17/06/2019,"15,900.0","15,900.0","15,900.0","15,900.0",0.20K,9.66%
13/06/2019,"14,500.0","15,500.0","15,500.0","13,500.0",1.00K,0.00%
12/06/2019,"14,500.0","14,000.0","14,500.0","14,000.0",0.30K,5.84%
11/06/2019,"13,700.0","13,700.0","13,700.0","13,700.0",0.10K,9.60%
10/06/2019,"12,500.0","12,500.0","12,500.0","12,500.0",0.10K,-8.76%
07/06/2019,"13,700.0","13,700.0","13,700.0","13,700.0",1.80K,-9.87%
06/06/2019,"15,200.0","15,200.0","15,200.0","15,200.0",0.10K,-9.52%
31/05/2019,"16,800.0","13,800.0","16,800.0","13,800.0",0.20K,9.80%
30/05/2019,"15,300.0","15,300.0","15,300.0","15,300.0",0.20K,-9.47%
24/05/2019,"16,900.0","15,900.0","16,900.0","15,900.0",0.20K,-3.98%
20/05/2019,"17,600.0","17,600.0","17,600.0","17,600.0",0.10K,10.00%
15/05/2019,"16,000.0","16,000.0","16,000.0","16,000.0",0.20K,3.23%
14/05/2019,"15,500.0","13,100.0","15,500.0","13,100.0",0.40K,8.39%
13/05/2019,"14,300.0","14,300.0","14,300.0","14,300.0",1.00K,-9.49%
10/05/2019,"15,800.0","15,800.0","15,800.0","15,800.0",0.10K,7.48%
09/05/2019,"14,700.0","13,300.0","14,700.0","13,300.0",7.70K,0.34%
08/05/2019,"14,650.0","14,650.0","14,650.0","14,650.0",1.00K,-5.88%
07/05/2019,"15,566.0","15,566.0","15,566.0","15,566.0",0.10K,-0.58%
06/05/2019,"15,657.0","18,221.0","18,221.0","15,657.0",1.00K,-10.00%
03/05/2019,"17,397.0","17,397.0","17,397.0","17,397.0",0.10K,2.70%
02/05/2019,"16,939.0","16,481.0","16,939.0","16,481.0",0.20K,-0.94%
26/04/2019,"17,100.0","18,000.0","18,000.0","17,100.0",4.40K,-10.00%
23/04/2019,"19,000.0","18,300.0","19,000.0","18,300.0",0.30K,5.56%
19/04/2019,"18,000.0","18,000.0","18,000.0","18,000.0",0.10K,5.88%
18/04/2019,"17,000.0","17,000.0","17,000.0","17,000.0",1.00K,6.25%
17/04/2019,"16,000.0","16,000.0","16,000.0","16,000.0",0.10K,2.56%
16/04/2019,"15,600.0","16,000.0","16,000.0","15,500.0",2.20K,0.65%
12/04/2019,"15,500.0","15,500.0","15,500.0","15,500.0",0.20K,8.39%
11/04/2019,"14,300.0","14,000.0","14,300.0","14,000.0",1.30K,10.00%
10/04/2019,"13,000.0","13,000.0","13,000.0","13,000.0",0.10K,9.24%
09/04/2019,"11,900.0","11,900.0","11,900.0","11,900.0",0.10K,9.17%
01/04/2019,"10,900.0","10,900.0","10,900.0","10,900.0",0.20K,-9.92%
29/03/2019,"12,100.0","12,100.0","12,100.0","12,100.0",0.60K,10.00%
25/03/2019,"11,000.0","11,000.0","11,000.0","11,000.0",0.10K,-9.84%
21/03/2019,"12,200.0","12,200.0","12,200.0","12,200.0",0.10K,-9.63%
19/03/2019,"13,500.0","13,500.0","13,500.0","13,500.0",0.10K,0.00%
06/03/2019,"13,500.0","13,500.0","13,500.0","13,500.0",0.20K,0.00%
05/03/2019,"13,500.0","13,500.0","13,500.0","13,500.0",0.10K,-9.40%
26/02/2019,"14,900.0","15,200.0","15,200.0","14,900.0",0.21K,-7.45%
22/02/2019,"16,100.0","16,100.0","16,100.0","16,100.0",0.10K,8.78%
21/02/2019,"14,800.0","14,800.0","14,800.0","14,800.0",0.11K,9.63%
20/02/2019,"13,500.0","13,500.0","13,500.0","13,500.0",0.10K,9.76%
18/02/2019,"12,300.0","12,300.0","12,300.0","12,300.0",0.20K,-8.89%
17/12/2018,"13,500.0","13,500.0","13,500.0","13,500.0",0.60K,0.00%
14/12/2018,"13,500.0","13,500.0","13,500.0","13,500.0",0.20K,0.00%
03/12/2018,"13,500.0","13,500.0","13,500.0","13,500.0",0.10K,0.00%
30/11/2018,"13,500.0","13,500.0","13,500.0","13,500.0",0.20K,0.00%
29/11/2018,"13,500.0","13,500.0","13,500.0","13,500.0",1.48K,0.00%
25/10/2018,"13,500.0","13,500.0","13,500.0","13,500.0",1.00K,0.00%
22/10/2018,"13,500.0","13,500.0","13,500.0","13,500.0",0.40K,-10.00%
21/08/2018,"15,000.0","15,000.0","15,000.0","15,000.0",0.10K,3.45%
17/08/2018,"14,500.0","14,500.0","14,500.0","14,500.0",0.50K,-3.33%
17/07/2018,"15,000.0","15,000.0","15,000.0","15,000.0",0.20K,-5.66%
05/07/2018,"15,900.0","15,900.0","15,900.0","15,900.0",1.00K,0.00%
14/06/2018,"15,900.0","15,900.0","15,900.0","15,900.0",1.00K,0.00%
07/06/2018,"15,900.0","15,800.0","15,900.0","15,800.0",5.00K,10.03%
23/04/2018,"14,450.0","14,450.0","14,450.0","14,450.0",0.20K,9.72%
18/04/2018,"13,170.0","13,170.0","13,170.0","13,170.0",0.10K,-10.00%
12/04/2018,"14,633.0","15,090.0","15,090.0","14,633.0",3.00K,-5.88%
11/04/2018,"15,547.0","15,547.0","15,547.0","15,547.0",2.10K,6.92%
29/03/2018,"14,541.0","14,541.0","14,541.0","14,541.0",0.20K,9.65%
26/03/2018,"13,261.0","13,261.0","13,261.0","13,261.0",0.10K,-9.38%
22/03/2018,"14,633.0","15,090.0","15,090.0","14,633.0",1.50K,-3.03%
19/03/2018,"15,090.0","15,090.0","15,090.0","15,090.0",1.70K,-2.94%
16/03/2018,"15,547.0","15,547.0","15,547.0","15,547.0",0.50K,-1.16%
15/03/2018,"15,730.0","15,730.0","15,730.0","15,730.0",1.20K,7.50%
14/03/2018,"14,633.0","14,633.0","14,633.0","14,633.0",0.20K,6.67%
09/03/2018,"13,718.0","13,718.0","13,718.0","13,718.0",0.10K,7.14%
05/03/2018,"12,804.0","12,804.0","12,804.0","12,804.0",0.31K,0.00%
08/02/2018,"12,804.0","12,804.0","12,804.0","12,804.0",1.70K,-6.66%
05/02/2018,"13,718.0","13,718.0","13,718.0","13,718.0",3.00K,-1.97%
22/01/2018,"13,993.0","12,895.0","13,993.0","12,164.0",4.10K,5.52%
19/01/2018,"13,261.0","13,993.0","13,993.0","13,261.0",0.60K,-6.45%
18/01/2018,"14,176.0","13,718.0","14,176.0","13,718.0",0.83K,0.00%
17/01/2018,"14,176.0","14,541.0","14,541.0","14,176.0",3.70K,6.90%
16/01/2018,"13,261.0","11,981.0","13,261.0","11,981.0",7.30K,3.57%
11/01/2018,"12,804.0","12,804.0","12,804.0","12,804.0",1.00K,4.48%
10/01/2018,"12,255.0","12,164.0","14,359.0","12,164.0",6.90K,-6.29%
04/01/2018,"13,078.0","13,078.0","13,078.0","13,078.0",1.35K,8.33%
02/01/2018,"12,072.0","12,072.0","12,072.0","12,072.0",0.10K,10.00%
29/12/2017,"10,975.0","11,615.0","11,615.0","10,152.0",28.68K,3.45%
28/12/2017,"10,609.0","9,237.0","10,609.0","9,237.0",10.70K,9.44%
21/12/2017,"9,694.0","9,694.0","9,694.0","9,694.0",0.80K,4.95%
19/12/2017,"9,237.0","9,237.0","9,237.0","9,237.0",1.20K,-9.01%
18/12/2017,"10,152.0","9,694.0","11,615.0","9,694.0",1.70K,-5.12%
14/12/2017,"10,700.0","10,700.0","10,700.0","10,700.0",0.90K,0.86%
11/12/2017,"10,609.0","10,609.0","10,609.0","10,609.0",1.50K,0.00%
01/12/2017,"10,609.0","10,609.0","10,609.0","10,609.0",0.80K,0.00%
30/11/2017,"10,609.0","10,700.0","10,975.0","10,609.0",4.80K,0.87%
29/11/2017,"10,517.0","10,517.0","10,517.0","10,517.0",1.30K,0.00%
28/11/2017,"10,517.0","10,517.0","10,517.0","10,517.0",0.10K,0.00%
27/11/2017,"10,517.0","10,517.0","10,517.0","10,517.0",0.22K,-4.17%
24/11/2017,"10,975.0","10,975.0","10,975.0","10,975.0",0.14K,-7.69%
23/11/2017,"11,889.0","11,889.0","11,889.0","11,889.0",0.20K,4.00%
17/11/2017,"11,432.0","11,432.0","11,432.0","11,432.0",0.10K,-7.41%
15/11/2017,"12,347.0","12,347.0","12,347.0","12,347.0",0.10K,-2.17%
10/11/2017,"12,621.0","11,523.0","12,621.0","11,523.0",2.40K,9.53%
09/11/2017,"11,523.0","11,523.0","11,523.0","11,523.0",0.50K,-3.82%
08/11/2017,"11,981.0","11,981.0","11,981.0","11,981.0",0.10K,9.17%
01/11/2017,"10,975.0","10,975.0","10,975.0","10,975.0",0.10K,1.70%
25/10/2017,"10,792.0","11,889.0","11,889.0","10,792.0",1.30K,-9.23%
20/10/2017,"11,889.0","11,889.0","11,889.0","11,889.0",1.70K,0.00%
19/10/2017,"11,889.0","11,889.0","11,889.0","11,889.0",3.30K,-5.80%
13/10/2017,"12,621.0","12,621.0","12,621.0","12,621.0",0.10K,9.53%
09/10/2017,"11,523.0","11,523.0","11,523.0","11,523.0",0.30K,0.00%
05/10/2017,"11,523.0","11,523.0","11,523.0","11,523.0",0.10K,-3.08%
03/10/2017,"11,889.0","11,889.0","11,889.0","11,889.0",0.20K,5.69%
02/10/2017,"11,249.0","11,066.0","11,249.0","11,066.0",0.80K,-6.11%
29/09/2017,"11,981.0","10,975.0","11,981.0","10,975.0",0.20K,0.77%
27/09/2017,"11,889.0","12,987.0","12,987.0","11,889.0",0.70K,0.00%
22/09/2017,"11,889.0","11,889.0","11,889.0","11,889.0",0.19K,2.36%
21/09/2017,"11,615.0","11,615.0","11,615.0","11,615.0",0.40K,-5.22%
19/09/2017,"12,255.0","12,529.0","12,529.0","12,255.0",0.60K,-8.84%
18/09/2017,"13,444.0","11,432.0","13,444.0","11,432.0",0.50K,7.30%
15/09/2017,"12,529.0","12,529.0","12,529.0","12,529.0",0.10K,-0.73%
14/09/2017,"12,621.0","11,341.0","12,621.0","11,341.0",0.20K,0.73%
12/09/2017,"12,529.0","12,529.0","12,529.0","12,529.0",1.50K,0.73%
11/09/2017,"12,438.0","12,438.0","12,438.0","12,438.0",2.00K,-9.33%
08/09/2017,"13,718.0","13,718.0","13,718.0","13,718.0",0.10K,8.69%
07/09/2017,"12,621.0","12,621.0","12,621.0","12,621.0",0.90K,-9.80%
06/09/2017,"13,993.0","13,993.0","13,993.0","13,993.0",0.10K,7.00%
05/09/2017,"13,078.0","13,078.0","13,078.0","13,078.0",0.30K,3.62%
31/08/2017,"12,621.0","12,347.0","12,621.0","12,347.0",14.00K,7.82%
29/08/2017,"11,706.0","11,706.0","11,706.0","11,706.0",0.10K,6.66%
24/08/2017,"10,975.0","10,975.0","11,066.0","10,792.0",14.58K,-7.69%
23/08/2017,"11,889.0","11,889.0","11,889.0","11,889.0",2.00K,0.77%
22/08/2017,"11,798.0","13,535.0","13,535.0","11,432.0",3.60K,-5.15%
21/08/2017,"12,438.0","12,438.0","12,438.0","12,438.0",0.10K,9.67%
18/08/2017,"11,341.0","13,444.0","13,444.0","11,341.0",1.10K,-7.46%
17/08/2017,"12,255.0","13,261.0","13,261.0","12,255.0",0.60K,0.75%
16/08/2017,"12,164.0","12,164.0","12,164.0","12,164.0",0.70K,-7.64%
15/08/2017,"13,170.0","13,170.0","13,170.0","13,170.0",0.10K,-7.10%
14/08/2017,"14,176.0","14,176.0","17,285.0","14,176.0",0.30K,-9.88%
10/08/2017,"15,730.0","15,730.0","15,730.0","15,730.0",0.10K,6.17%
09/08/2017,"14,816.0","13,170.0","14,816.0","13,170.0",0.20K,1.25%
08/08/2017,"14,633.0","14,176.0","15,822.0","13,078.0",22.70K,1.27%
04/08/2017,"14,450.0","14,450.0","14,450.0","14,450.0",0.10K,9.72%
03/08/2017,"13,170.0","13,170.0","13,170.0","11,066.0",3.50K,9.92%
02/08/2017,"11,981.0","11,798.0","14,359.0","11,798.0",2.40K,-8.39%
01/08/2017,"13,078.0","13,078.0","14,633.0","13,078.0",3.20K,-9.49%
31/07/2017,"14,450.0","15,365.0","15,365.0","13,261.0",0.30K,2.60%
28/07/2017,"14,084.0","14,084.0","14,084.0","11,615.0",1.20K,10.00%
27/07/2017,"12,804.0","15,090.0","15,090.0","12,804.0",8.60K,-8.50%
26/07/2017,"13,993.0","13,718.0","13,993.0","11,889.0",0.31K,9.29%
25/07/2017,"12,804.0","12,804.0","12,804.0","12,804.0",0.10K,6.87%
21/07/2017,"11,981.0","13,535.0","13,535.0","11,981.0",0.37K,-2.96%
20/07/2017,"12,347.0","14,633.0","14,633.0","12,347.0",0.51K,-8.78%
19/07/2017,"13,535.0","13,535.0","13,535.0","13,535.0",0.10K,9.62%
18/07/2017,"12,347.0","12,347.0","12,347.0","12,347.0",0.10K,9.76%
17/07/2017,"11,249.0","11,249.0","11,249.0","11,249.0",0.10K,9.82%
14/07/2017,"10,243.0","10,243.0","10,243.0","10,243.0",0.10K,-7.44%
13/07/2017,"11,066.0","11,066.0","13,078.0","11,066.0",0.70K,-6.92%
12/07/2017,"11,889.0","11,523.0","11,889.0","11,523.0",0.20K,-3.71%
10/07/2017,"12,347.0","12,347.0","12,347.0","12,347.0",2.01K,3.05%
07/07/2017,"11,981.0","13,718.0","13,718.0","11,981.0",0.72K,-9.65%
05/07/2017,"13,261.0","13,261.0","13,261.0","13,261.0",1.30K,0.00%
28/06/2017,"13,261.0","13,261.0","13,261.0","13,261.0",5.00K,0.00%
27/06/2017,"13,261.0","13,261.0","13,261.0","13,261.0",0.40K,-8.23%
20/06/2017,"14,450.0","13,261.0","14,541.0","13,261.0",1.90K,-1.25%
13/06/2017,"14,633.0","14,633.0","14,633.0","14,633.0",0.50K,-3.03%
12/06/2017,"15,090.0","14,176.0","15,090.0","14,176.0",0.52K,6.45%
09/06/2017,"14,176.0","14,176.0","14,176.0","14,176.0",5.80K,0.00%
08/06/2017,"14,176.0","16,005.0","16,005.0","14,176.0",5.11K,-4.32%
07/06/2017,"14,816.0","14,816.0","14,816.0","14,816.0",0.10K,5.88%
06/06/2017,"13,993.0","14,084.0","14,084.0","13,993.0",0.20K,9.29%
05/06/2017,"12,804.0","14,084.0","14,084.0","12,804.0",0.96K,0.00%
02/06/2017,"12,804.0","14,724.0","14,724.0","12,804.0",0.60K,-4.76%
01/06/2017,"13,444.0","13,261.0","14,267.0","13,261.0",3.50K,3.52%
31/05/2017,"12,987.0","12,987.0","12,987.0","12,987.0",0.10K,-8.39%
30/05/2017,"14,176.0","13,993.0","14,633.0","13,993.0",7.30K,-8.82%
25/05/2017,"15,547.0","15,547.0","15,547.0","15,547.0",0.20K,6.25%
24/05/2017,"14,633.0","14,633.0","14,633.0","14,633.0",1.70K,0.00%
23/05/2017,"14,633.0","14,633.0","14,633.0","14,633.0",0.70K,0.00%
22/05/2017,"14,633.0","14,450.0","14,633.0","14,450.0",1.30K,1.27%
19/05/2017,"14,450.0","14,450.0","14,450.0","14,450.0",0.20K,3.27%
18/05/2017,"13,993.0","14,176.0","14,176.0","11,798.0",1.10K,8.51%
17/05/2017,"12,895.0","12,895.0","12,895.0","12,895.0",0.10K,9.30%
16/05/2017,"11,798.0","11,798.0","11,798.0","11,798.0",0.10K,-8.51%
15/05/2017,"12,895.0","11,615.0","13,078.0","11,432.0",0.50K,7.63%
12/05/2017,"11,981.0","12,347.0","12,347.0","10,975.0",0.35K,4.80%
11/05/2017,"11,432.0","11,432.0","11,432.0","11,432.0",0.10K,-4.58%
10/05/2017,"11,981.0","12,347.0","12,529.0","11,981.0",0.30K,3.15%
09/05/2017,"11,615.0","11,523.0","11,615.0","11,523.0",0.21K,-1.55%
08/05/2017,"11,798.0","11,889.0","11,889.0","11,798.0",0.85K,-4.45%
04/05/2017,"12,347.0","12,347.0","12,347.0","12,347.0",0.10K,-3.91%
03/05/2017,"12,850.0","11,848.0","12,850.0","11,848.0",5.71K,4.77%
28/04/2017,"12,265.0","12,099.0","12,933.0","12,099.0",6.40K,-2.65%
27/04/2017,"12,599.0","12,599.0","12,599.0","12,599.0",0.13K,-3.20%
26/04/2017,"13,016.0","12,599.0","13,434.0","12,599.0",17.10K,-3.11%
25/04/2017,"13,434.0","12,599.0","13,851.0","12,599.0",12.00K,0.63%
24/04/2017,"13,350.0","13,016.0","13,350.0","13,016.0",1.65K,6.66%
21/04/2017,"12,516.0","12,516.0","12,516.0","12,516.0",0.10K,-5.06%
20/04/2017,"13,183.0","13,183.0","13,183.0","13,183.0",0.13K,-1.25%
19/04/2017,"13,350.0","13,350.0","13,350.0","13,350.0",1.03K,0.00%
17/04/2017,"13,350.0","13,350.0","13,350.0","13,350.0",2.00K,0.00%
13/04/2017,"13,350.0","13,350.0","13,350.0","13,350.0",0.20K,3.22%
11/04/2017,"12,933.0","12,933.0","12,933.0","12,933.0",0.30K,0.00%
10/04/2017,"12,933.0","12,933.0","12,933.0","12,933.0",0.70K,0.65%
05/04/2017,"12,850.0","12,850.0","12,850.0","12,850.0",0.12K,-0.64%
31/03/2017,"12,933.0","12,933.0","12,933.0","12,933.0",1.18K,0.00%
28/03/2017,"12,933.0","12,933.0","12,933.0","12,933.0",0.40K,0.00%
27/03/2017,"12,933.0","12,933.0","12,933.0","12,933.0",1.50K,0.00%
24/03/2017,"12,933.0","12,933.0","12,933.0","12,933.0",0.30K,0.00%
17/03/2017,"12,933.0","13,350.0","13,350.0","12,933.0",2.60K,0.00%
08/03/2017,"12,933.0","12,933.0","12,933.0","12,933.0",0.90K,-3.12%
01/03/2017,"13,350.0","13,350.0","13,350.0","13,350.0",0.10K,2.57%
20/02/2017,"13,016.0","13,016.0","13,016.0","13,016.0",0.20K,3.99%
15/02/2017,"12,516.0","12,516.0","12,516.0","12,516.0",1.07K,-6.25%
13/02/2017,"13,350.0","13,350.0","13,350.0","13,350.0",0.30K,0.00%
10/02/2017,"13,350.0","13,350.0","13,350.0","13,350.0",0.10K,6.66%
20/01/2017,"12,516.0","12,516.0","12,516.0","12,516.0",4.60K,1.35%
18/01/2017,"12,349.0","12,349.0","12,349.0","12,349.0",1.00K,-1.33%
13/01/2017,"12,516.0","12,516.0","12,516.0","12,516.0",1.00K,-3.22%
11/01/2017,"12,933.0","13,350.0","13,350.0","12,933.0",0.20K,-7.74%
25/11/2016,"14,018.0","14,018.0","14,018.0","14,018.0",0.10K,7.01%
21/11/2016,"13,100.0","13,100.0","13,100.0","13,100.0",0.10K,9.79%
17/11/2016,"11,932.0","11,932.0","11,932.0","11,932.0",0.11K,10.00%
16/11/2016,"10,847.0","10,847.0","10,847.0","10,847.0",5.80K,0.00%
15/11/2016,"10,847.0","10,847.0","10,847.0","10,847.0",9.00K,-5.11%
14/11/2016,"11,431.0","11,431.0","11,431.0","11,431.0",0.10K,9.60%
11/11/2016,"10,430.0","10,430.0","10,430.0","10,430.0",0.10K,-5.30%
10/11/2016,"11,014.0","10,680.0","11,014.0","10,680.0",17.10K,-5.04%
14/10/2016,"11,598.0","10,013.0","11,598.0","10,013.0",3.10K,8.60%
27/09/2016,"10,680.0","10,680.0","10,680.0","10,680.0",1.50K,0.78%
22/09/2016,"10,597.0","10,597.0","10,597.0","10,597.0",1.50K,0.00%
16/09/2016,"10,597.0","10,847.0","10,847.0","10,597.0",0.50K,0.00%
15/09/2016,"10,597.0","10,597.0","10,597.0","10,597.0",1.40K,-2.30%
06/09/2016,"10,847.0","9,595.0","10,847.0","9,595.0",4.60K,2.36%
26/08/2016,"10,597.0","10,597.0","10,597.0","10,597.0",1.00K,-9.43%
22/08/2016,"11,700.0","11,700.0","11,700.0","11,700.0",,7.86%
09/08/2016,"10,847.0","10,847.0","10,847.0","10,847.0",0.10K,0.00%
05/08/2016,"10,847.0","10,847.0","10,847.0","10,847.0",0.10K,3.18%
04/08/2016,"10,513.0","10,513.0","10,513.0","10,513.0",4.00K,-1.56%
02/08/2016,"10,680.0","10,680.0","10,680.0","10,680.0",2.30K,-1.54%
28/07/2016,"10,847.0","10,847.0","10,847.0","10,847.0",0.10K,3.18%
27/07/2016,"10,513.0","10,680.0","10,680.0","10,513.0",1.11K,-1.56%
26/07/2016,"10,680.0","10,680.0","10,680.0","10,680.0",0.50K,1.59%
19/07/2016,"10,513.0","10,513.0","10,513.0","10,513.0",0.17K,0.00%
14/07/2016,"10,513.0","10,513.0","10,513.0","10,513.0",0.70K,0.80%
11/07/2016,"10,430.0","10,430.0","10,430.0","10,430.0",4.03K,-1.58%
08/07/2016,"10,597.0","10,430.0","10,597.0","10,430.0",1.80K,5.83%
05/07/2016,"10,013.0","10,013.0","10,013.0","10,013.0",0.90K,0.00%
04/07/2016,"10,013.0","10,013.0","10,013.0","10,013.0",1.60K,1.70%
30/06/2016,"9,846.0","9,679.0","9,846.0","9,679.0",12.00K,2.62%
28/06/2016,"9,595.0","9,595.0","9,595.0","9,595.0",10.00K,0.00%
27/06/2016,"9,595.0","9,679.0","9,679.0","9,595.0",7.40K,0.00%
24/06/2016,"9,595.0","9,595.0","9,595.0","9,595.0",14.90K,0.00%
23/06/2016,"9,595.0","9,595.0","9,595.0","9,595.0",13.41K,0.00%
22/06/2016,"9,595.0","9,595.0","9,595.0","9,595.0",5.00K,0.00%
21/06/2016,"9,595.0","9,595.0","9,595.0","9,595.0",6.00K,0.00%
20/06/2016,"9,595.0","9,595.0","9,595.0","9,595.0",3.00K,0.00%
15/06/2016,"9,595.0","9,595.0","9,595.0","9,595.0",1.10K,0.00%
14/06/2016,"9,595.0","9,595.0","9,595.0","9,595.0",1.70K,0.00%
13/06/2016,"9,595.0","9,595.0","9,595.0","9,595.0",2.30K,-2.55%
10/06/2016,"9,846.0","9,846.0","9,846.0","9,846.0",1.00K,0.86%
07/06/2016,"9,762.0","9,762.0","9,762.0","9,762.0",0.10K,-1.68%
03/06/2016,"9,929.0","9,011.0","9,929.0","9,011.0",0.20K,-0.84%
02/06/2016,"10,013.0","10,013.0","10,013.0","10,013.0",2.00K,0.85%
30/05/2016,"9,929.0","9,929.0","9,929.0","9,929.0",4.70K,0.84%
27/05/2016,"9,846.0","9,846.0","9,846.0","9,846.0",0.50K,1.73%
18/05/2016,"9,679.0","9,679.0","9,679.0","9,679.0",3.00K,0.88%
17/05/2016,"9,595.0","9,595.0","9,595.0","9,595.0",0.20K,-4.17%
16/05/2016,"10,013.0","10,013.0","10,013.0","10,013.0",0.20K,-3.22%
11/05/2016,"10,346.0","10,346.0","10,346.0","10,346.0",0.10K,0.00%
10/05/2016,"10,346.0","10,346.0","10,346.0","10,346.0",0.20K,9.73%
05/05/2016,"9,429.0","9,429.0","9,429.0","9,429.0",0.24K,0.00%
04/05/2016,"9,429.0","9,345.0","9,429.0","9,345.0",4.50K,0.00%
28/04/2016,"9,429.0","9,429.0","9,429.0","9,429.0",10.00K,0.00%
27/04/2016,"9,429.0","9,429.0","9,429.0","9,429.0",0.19K,-0.87%
25/04/2016,"9,512.0","8,928.0","9,512.0","8,928.0",1.70K,1.79%
22/04/2016,"9,345.0","9,178.0","9,345.0","9,178.0",1.10K,2.75%
21/04/2016,"9,095.0","8,844.0","9,095.0","8,844.0",0.50K,3.81%
20/04/2016,"8,761.0","8,609.0","8,761.0","8,609.0",7.00K,0.00%
19/04/2016,"8,761.0","8,532.0","8,761.0","8,532.0",2.40K,0.88%
15/04/2016,"8,685.0","8,685.0","8,685.0","8,685.0",0.90K,2.71%
14/04/2016,"8,456.0","8,380.0","8,609.0","8,380.0",1.40K,0.91%
12/04/2016,"8,380.0","8,304.0","8,380.0","8,304.0",12.00K,0.92%
11/04/2016,"8,304.0","8,304.0","8,304.0","8,304.0",5.50K,0.00%
08/04/2016,"8,304.0","8,380.0","8,380.0","8,228.0",2.40K,0.92%
07/04/2016,"8,228.0","8,380.0","8,380.0","8,228.0",3.30K,0.93%
06/04/2016,"8,152.0","8,152.0","8,152.0","8,152.0",0.60K,-0.92%
04/04/2016,"8,228.0","8,228.0","8,228.0","8,228.0",0.30K,1.89%
31/03/2016,"8,075.0","8,075.0","8,075.0","8,075.0",1.20K,-12.23%
29/03/2016,"9,200.0","9,200.0","9,200.0","9,200.0",,18.39%
28/03/2016,"7,771.0","7,771.0","7,771.0","7,771.0",0.10K,1.00%
24/03/2016,"7,694.0","7,847.0","7,847.0","7,694.0",2.00K,0.00%
22/03/2016,"7,694.0","7,771.0","7,771.0","7,694.0",1.70K,-19.01%
18/03/2016,"9,500.0","9,500.0","9,500.0","9,500.0",,18.76%
15/03/2016,"7,999.0","7,999.0","7,999.0","7,999.0",2.70K,-0.94%
09/03/2016,"8,075.0","8,075.0","8,075.0","8,075.0",0.10K,2.91%
08/03/2016,"7,847.0","7,847.0","7,847.0","7,847.0",0.10K,-5.50%
07/03/2016,"8,304.0","8,304.0","8,304.0","8,304.0",2.02K,6.86%
26/02/2016,"7,771.0","7,771.0","7,771.0","7,771.0",0.11K,1.00%
24/02/2016,"7,694.0","7,694.0","7,694.0","7,694.0",2.80K,-1.95%
23/02/2016,"7,847.0","7,847.0","7,847.0","7,847.0",0.10K,0.00%
22/02/2016,"7,847.0","7,847.0","7,847.0","7,847.0",0.20K,8.43%
18/02/2016,"7,237.0","7,237.0","7,237.0","7,237.0",0.10K,-4.04%
17/02/2016,"7,542.0","7,542.0","7,542.0","7,542.0",0.19K,-4.81%
16/02/2016,"7,923.0","7,923.0","7,923.0","7,923.0",0.12K,-7.97%
05/02/2016,"8,609.0","8,609.0","8,609.0","8,609.0",1.38K,2.73%
03/02/2016,"8,380.0","8,380.0","8,380.0","8,380.0",0.43K,0.00%
02/02/2016,"8,380.0","8,380.0","8,380.0","8,380.0",0.12K,0.00%
01/02/2016,"8,380.0","8,456.0","8,456.0","8,380.0",0.30K,0.00%
29/01/2016,"8,380.0","8,380.0","8,380.0","8,380.0",0.10K,7.84%
28/01/2016,"7,771.0","7,771.0","7,771.0","7,771.0",2.05K,1.00%
27/01/2016,"7,694.0","7,694.0","7,694.0","7,694.0",2.00K,0.00%
26/01/2016,"7,694.0","7,390.0","7,999.0","7,390.0",2.10K,0.00%
25/01/2016,"7,694.0","7,618.0","7,694.0","7,618.0",2.10K,-6.49%
22/01/2016,"8,228.0","8,228.0","8,228.0","8,228.0",0.60K,1.89%
21/01/2016,"8,075.0","8,075.0","8,075.0","8,075.0",0.40K,-6.20%
20/01/2016,"8,609.0","8,761.0","8,761.0","8,609.0",0.45K,-9.60%
19/01/2016,"9,523.0","9,523.0","9,751.0","9,523.0",0.70K,-9.42%
18/01/2016,"10,513.0","10,513.0","10,513.0","10,513.0",0.10K,-9.81%
15/01/2016,"11,656.0","11,656.0","11,656.0","11,656.0",0.10K,-9.47%
31/12/2015,"12,875.0","11,656.0","12,875.0","11,656.0",0.70K,9.04%
30/12/2015,"11,808.0","11,732.0","11,808.0","11,732.0",0.30K,8.39%
29/12/2015,"10,894.0","10,894.0","10,894.0","10,894.0",0.10K,-9.50%
24/12/2015,"12,037.0","11,580.0","12,037.0","11,580.0",0.20K,3.95%
22/12/2015,"11,580.0","11,580.0","11,580.0","11,580.0",0.10K,-0.65%
21/12/2015,"11,656.0","11,580.0","11,656.0","11,580.0",0.20K,0.00%
18/12/2015,"11,656.0","11,504.0","11,656.0","11,504.0",0.20K,0.66%
17/12/2015,"11,580.0","11,275.0","11,580.0","11,275.0",0.30K,2.02%
11/12/2015,"11,351.0","10,818.0","11,351.0","10,818.0",0.20K,4.19%
08/12/2015,"10,894.0","10,666.0","10,894.0","10,666.0",0.20K,2.14%
07/12/2015,"10,666.0","11,275.0","11,732.0","9,599.0",0.50K,0.00%
04/12/2015,"10,666.0","10,666.0","10,666.0","10,666.0",0.10K,9.38%
03/12/2015,"9,751.0","9,751.0","9,751.0","9,751.0",0.10K,5.78%
01/12/2015,"9,218.0","9,218.0","9,218.0","9,218.0",0.10K,10.00%
30/11/2015,"8,380.0","8,380.0","8,380.0","8,380.0",0.10K,0.92%
27/11/2015,"8,304.0","8,304.0","8,304.0","8,304.0",0.61K,-5.22%
25/11/2015,"8,761.0","8,761.0","8,761.0","8,761.0",1.95K,9.53%
23/11/2015,"7,999.0","7,999.0","7,999.0","7,999.0",0.10K,2.93%
19/11/2015,"7,771.0","7,771.0","7,771.0","7,771.0",0.12K,-2.85%
18/11/2015,"7,999.0","7,999.0","7,999.0","7,771.0",0.75K,3.96%
16/11/2015,"7,694.0","7,694.0","7,694.0","7,694.0",0.40K,0.00%
12/11/2015,"7,694.0","7,694.0","7,694.0","7,694.0",0.10K,0.00%
09/11/2015,"7,694.0","7,694.0","7,694.0","7,694.0",5.50K,0.00%
04/11/2015,"7,694.0","7,618.0","7,694.0","7,618.0",0.90K,1.00%
30/10/2015,"7,618.0","7,618.0","7,618.0","7,618.0",0.10K,2.04%
28/10/2015,"7,466.0","7,466.0","7,466.0","7,466.0",2.50K,-2.00%
27/10/2015,"7,618.0","7,237.0","7,618.0","7,237.0",5.20K,5.26%
26/10/2015,"7,237.0","7,237.0","7,237.0","7,237.0",0.10K,-3.07%
23/10/2015,"7,466.0","7,466.0","7,466.0","7,466.0",3.00K,-2.00%
22/10/2015,"7,618.0","7,618.0","7,618.0","7,618.0",2.10K,-4.76%
20/10/2015,"7,999.0","7,999.0","7,999.0","7,999.0",0.10K,5.00%
19/10/2015,"7,618.0","7,618.0","7,618.0","7,618.0",8.00K,-4.76%
13/10/2015,"7,999.0","7,999.0","7,999.0","7,999.0",0.10K,5.00%
12/10/2015,"7,618.0","7,618.0","7,618.0","7,618.0",5.00K,-4.76%
09/10/2015,"7,999.0","8,304.0","8,304.0","7,999.0",2.10K,0.00%
08/10/2015,"7,999.0","7,999.0","7,999.0","7,999.0",0.13K,5.00%
07/10/2015,"7,618.0","7,618.0","7,618.0","7,618.0",3.30K,0.00%
01/10/2015,"7,618.0","7,618.0","7,618.0","7,618.0",5.00K,-8.26%
29/09/2015,"8,304.0","8,304.0","8,304.0","8,304.0",0.10K,9.00%
28/09/2015,"7,618.0","7,618.0","7,618.0","7,618.0",0.10K,1.01%
25/09/2015,"7,542.0","7,542.0","7,542.0","7,542.0",1.10K,-23.82%
24/09/2015,"9,900.0","9,900.0","9,900.0","9,900.0",,19.22%
23/09/2015,"8,304.0","8,304.0","8,304.0","8,304.0",0.10K,9.00%
21/09/2015,"7,618.0","7,466.0","7,618.0","7,390.0",8.60K,0.00%
18/09/2015,"7,618.0","7,466.0","7,618.0","7,466.0",3.20K,0.00%
17/09/2015,"7,618.0","8,304.0","8,304.0","7,618.0",2.90K,0.00%
16/09/2015,"7,618.0","7,618.0","7,618.0","7,618.0",1.80K,-3.85%
15/09/2015,"7,923.0","7,923.0","7,923.0","7,923.0",0.10K,0.00%
14/09/2015,"7,923.0","7,618.0","7,923.0","7,618.0",1.15K,-0.95%
11/09/2015,"7,999.0","7,999.0","7,999.0","7,999.0",0.10K,5.00%
10/09/2015,"7,618.0","7,618.0","7,618.0","7,618.0",8.20K,-0.99%
08/09/2015,"7,694.0","7,694.0","7,694.0","7,694.0",0.20K,4.11%
07/09/2015,"7,390.0","7,542.0","7,618.0","7,390.0",2.90K,-2.99%
04/09/2015,"7,618.0","7,618.0","7,618.0","7,618.0",0.60K,0.00%
03/09/2015,"7,618.0","7,618.0","7,618.0","7,618.0",0.10K,2.04%
31/08/2015,"7,466.0","7,466.0","7,466.0","7,466.0",0.50K,-2.00%
28/08/2015,"7,618.0","7,618.0","7,618.0","7,618.0",0.10K,-3.85%
26/08/2015,"7,923.0","7,923.0","7,923.0","7,923.0",0.10K,4.00%
25/08/2015,"7,618.0","6,552.0","7,618.0","6,552.0",2.06K,5.26%
24/08/2015,"7,237.0","7,618.0","7,618.0","7,237.0",9.10K,-5.00%
21/08/2015,"7,618.0","7,923.0","7,923.0","7,618.0",10.30K,-3.85%
20/08/2015,"7,923.0","7,923.0","7,923.0","7,923.0",2.00K,0.00%
18/08/2015,"7,923.0","7,999.0","7,999.0","7,923.0",4.50K,4.00%
13/08/2015,"7,618.0","7,466.0","7,618.0","7,466.0",0.40K,0.00%
12/08/2015,"7,618.0","7,618.0","7,618.0","7,618.0",0.10K,0.00%
11/08/2015,"7,618.0","7,618.0","7,694.0","7,618.0",3.20K,0.00%
10/08/2015,"7,618.0","7,694.0","7,694.0","7,618.0",2.10K,-0.99%
07/08/2015,"7,694.0","7,694.0","7,694.0","7,694.0",1.00K,-2.89%
30/07/2015,"7,923.0","7,999.0","7,999.0","7,923.0",0.20K,-7.97%
27/07/2015,"8,609.0","7,618.0","8,609.0","7,618.0",2.90K,8.66%
24/07/2015,"7,923.0","7,923.0","7,923.0","7,618.0",15.40K,-0.95%
21/07/2015,"7,999.0","7,999.0","7,999.0","7,999.0",0.10K,0.96%
17/07/2015,"7,923.0","7,999.0","7,999.0","7,237.0",1.70K,4.00%
16/07/2015,"7,618.0","7,237.0","7,618.0","7,237.0",0.40K,0.00%
15/07/2015,"7,618.0","7,923.0","7,923.0","7,618.0",1.70K,0.00%
14/07/2015,"7,618.0","7,618.0","7,618.0","7,618.0",2.20K,0.00%
13/07/2015,"7,618.0","7,237.0","7,618.0","7,237.0",3.60K,0.00%
10/07/2015,"7,618.0","7,618.0","7,618.0","7,618.0",0.50K,-5.66%
09/07/2015,"8,075.0","7,618.0","8,075.0","7,314.0",4.20K,0.00%
08/07/2015,"8,075.0","8,075.0","8,075.0","8,075.0",0.10K,6.00%
07/07/2015,"7,618.0","7,618.0","7,618.0","7,618.0",0.20K,-4.76%
02/07/2015,"7,999.0","7,466.0","7,999.0","7,466.0",0.30K,-2.78%
01/07/2015,"8,228.0","8,304.0","8,304.0","7,542.0",0.70K,0.00%
25/06/2015,"8,228.0","8,304.0","8,304.0","8,228.0",0.30K,2.86%
24/06/2015,"7,999.0","8,456.0","8,456.0","7,999.0",0.20K,2.93%
23/06/2015,"7,771.0","7,771.0","7,771.0","7,771.0",3.15K,0.66%
22/06/2015,"7,720.0","7,720.0","7,720.0","7,720.0",1.50K,0.00%
19/06/2015,"7,720.0","7,669.0","7,771.0","7,669.0",3.30K,0.67%
18/06/2015,"7,669.0","7,618.0","7,771.0","7,618.0",7.35K,0.67%
17/06/2015,"7,618.0","7,618.0","7,618.0","7,517.0",3.75K,-1.97%
16/06/2015,"7,771.0","7,618.0","7,771.0","7,618.0",9.60K,2.01%
15/06/2015,"7,618.0","7,618.0","7,618.0","7,618.0",7.20K,0.00%
12/06/2015,"7,618.0","7,872.0","7,872.0","7,618.0",3.30K,0.00%
11/06/2015,"7,618.0","7,618.0","7,618.0","7,618.0",2.55K,0.00%
10/06/2015,"7,618.0","7,771.0","7,872.0","7,618.0",9.33K,-1.97%
09/06/2015,"7,771.0","7,568.0","7,771.0","7,568.0",8.10K,2.68%
08/06/2015,"7,568.0","7,568.0","7,568.0","7,568.0",1.80K,0.00%
05/06/2015,"7,568.0","7,364.0","7,618.0","7,364.0",7.20K,0.00%
04/06/2015,"7,568.0","7,314.0","7,618.0","7,314.0",10.05K,-0.66%
02/06/2015,"7,618.0","7,618.0","7,821.0","7,618.0",2.25K,0.00%
01/06/2015,"7,618.0","7,161.0","7,618.0","7,110.0",29.85K,5.63%
29/05/2015,"7,212.0","7,466.0","7,466.0","7,161.0",0.90K,5.97%
28/05/2015,"6,806.0","6,958.0","7,060.0","6,806.0",9.30K,0.00%
26/05/2015,"6,806.0","6,806.0","6,806.0","6,806.0",0.15K,-6.29%
22/05/2015,"7,263.0","6,907.0","7,364.0","6,907.0",1.50K,5.15%
21/05/2015,"6,907.0","6,907.0","6,907.0","6,907.0",10.42K,-4.23%
20/05/2015,"7,212.0","6,704.0","7,212.0","6,704.0",0.45K,7.58%
18/05/2015,"6,704.0","6,704.0","6,704.0","6,704.0",1.50K,0.00%
15/05/2015,"6,704.0","6,755.0","6,755.0","6,704.0",2.25K,0.00%
14/05/2015,"6,704.0","6,704.0","6,704.0","6,704.0",1.50K,-2.22%
12/05/2015,"6,856.0","7,009.0","7,009.0","6,856.0",3.75K,0.00%
07/05/2015,"6,856.0","6,501.0","6,856.0","6,501.0",0.60K,4.64%
06/05/2015,"6,552.0","6,552.0","6,552.0","6,501.0",3.00K,0.00%
04/05/2015,"6,552.0","6,501.0","7,212.0","6,501.0",2.70K,-9.15%
23/04/2015,"7,212.0","7,212.0","7,212.0","7,212.0",7.35K,0.71%
22/04/2015,"7,161.0","7,314.0","7,314.0","7,161.0",0.30K,-2.76%
21/04/2015,"7,364.0","7,466.0","7,466.0","7,364.0",4.35K,8.20%
16/04/2015,"6,806.0","6,806.0","6,806.0","6,806.0",2.70K,0.00%
14/04/2015,"6,806.0","6,806.0","6,806.0","6,806.0",1.50K,0.75%
13/04/2015,"6,755.0","6,349.0","6,755.0","6,349.0",8.55K,9.93%
09/04/2015,"6,145.0","6,145.0","6,145.0","6,145.0",0.15K,0.00%
01/04/2015,"6,145.0","6,196.0","6,196.0","6,145.0",3.75K,-1.63%
31/03/2015,"6,247.0","6,247.0","6,247.0","6,247.0",1.50K,1.66%
30/03/2015,"6,145.0","6,145.0","6,145.0","6,145.0",3.00K,-0.82%
27/03/2015,"6,196.0","6,196.0","6,196.0","6,196.0",0.15K,0.00%
26/03/2015,"6,196.0","6,145.0","6,196.0","6,145.0",1.80K,0.00%
25/03/2015,"6,196.0","6,145.0","6,196.0","6,145.0",1.35K,0.83%
23/03/2015,"6,145.0","6,247.0","6,247.0","6,145.0",14.10K,0.00%
20/03/2015,"6,145.0","6,145.0","6,145.0","6,145.0",0.43K,0.00%
19/03/2015,"6,145.0","6,145.0","6,145.0","6,145.0",2.40K,0.00%
18/03/2015,"6,145.0","6,145.0","6,145.0","6,145.0",0.30K,-1.63%
17/03/2015,"6,247.0","6,044.0","6,247.0","6,044.0",0.30K,2.49%
16/03/2015,"6,095.0","6,095.0","6,095.0","6,095.0",4.65K,0.00%
12/03/2015,"6,095.0","6,095.0","6,095.0","6,095.0",0.75K,0.84%
10/03/2015,"6,044.0","6,044.0","6,044.0","6,044.0",0.30K,0.00%
09/03/2015,"6,044.0","6,044.0","6,044.0","6,044.0",0.45K,0.00%
06/03/2015,"6,044.0","6,044.0","6,044.0","6,044.0",3.30K,0.00%
05/03/2015,"6,044.0","5,942.0","6,044.0","5,942.0",1.05K,-0.84%
04/03/2015,"6,095.0","6,044.0","6,095.0","6,044.0",6.82K,0.00%
03/03/2015,"6,095.0","6,145.0","6,145.0","6,044.0",12.93K,0.84%
02/03/2015,"6,044.0","6,044.0","6,145.0","6,044.0",10.80K,0.85%
27/02/2015,"5,993.0","5,993.0","5,993.0","5,891.0",10.47K,-1.67%
26/02/2015,"6,095.0","6,095.0","6,196.0","6,095.0",6.34K,-8.39%
24/02/2015,"6,653.0","6,399.0","6,653.0","6,349.0",1.20K,4.79%
13/02/2015,"6,349.0","6,247.0","6,349.0","6,247.0",4.38K,1.63%
12/02/2015,"6,247.0","6,145.0","6,247.0","6,145.0",0.69K,1.66%
11/02/2015,"6,145.0","6,095.0","6,145.0","6,095.0",8.61K,0.82%
10/02/2015,"6,095.0","6,044.0","6,095.0","6,044.0",1.74K,0.84%
09/02/2015,"6,044.0","6,044.0","6,044.0","6,044.0",0.15K,0.00%
06/02/2015,"6,044.0","6,044.0","6,044.0","6,044.0",0.45K,0.00%
05/02/2015,"6,044.0","6,044.0","6,044.0","6,044.0",0.30K,1.72%
03/02/2015,"5,942.0","5,942.0","5,942.0","5,942.0",9.00K,0.00%
02/02/2015,"5,942.0","5,942.0","5,942.0","5,942.0",5.26K,0.00%
30/01/2015,"5,942.0","5,942.0","5,942.0","5,942.0",0.45K,0.00%
29/01/2015,"5,942.0","5,942.0","5,942.0","5,942.0",2.70K,0.00%
28/01/2015,"5,942.0","5,942.0","5,942.0","5,942.0",34.80K,0.00%
27/01/2015,"5,942.0","5,942.0","5,942.0","5,942.0",1.35K,0.00%
26/01/2015,"5,942.0","5,942.0","5,942.0","5,942.0",1.80K,0.00%
23/01/2015,"5,942.0","6,399.0","6,399.0","5,942.0",0.60K,0.87%
22/01/2015,"5,891.0","5,891.0","5,891.0","5,891.0",0.15K,0.00%
21/01/2015,"5,891.0","5,891.0","5,891.0","5,891.0",0.15K,0.86%
19/01/2015,"5,841.0","5,841.0","5,841.0","5,841.0",17.25K,-1.70%
15/01/2015,"5,942.0","5,942.0","5,942.0","5,942.0",25.20K,-0.85%
14/01/2015,"5,993.0","5,587.0","5,993.0","5,587.0",0.90K,2.60%
12/01/2015,"5,841.0","5,841.0","5,841.0","5,841.0",12.51K,0.00%
09/01/2015,"5,841.0","5,841.0","5,841.0","5,841.0",3.45K,-4.17%
07/01/2015,"6,095.0","5,841.0","6,095.0","5,841.0",3.30K,4.35%
05/01/2015,"5,841.0","5,841.0","5,841.0","5,841.0",17.25K,-7.26%
31/12/2014,"6,298.0","6,298.0","6,298.0","6,298.0",0.15K,7.82%
26/12/2014,"5,841.0","5,841.0","6,095.0","5,841.0",4.20K,0.00%
22/12/2014,"5,841.0","5,587.0","5,841.0","5,587.0",5.55K,4.55%
17/12/2014,"5,587.0","5,841.0","5,841.0","5,587.0",3.00K,-7.56%
16/12/2014,"6,044.0","5,485.0","6,044.0","5,333.0",3.82K,3.48%
15/12/2014,"5,841.0","5,841.0","5,841.0","5,841.0",11.40K,0.00%
11/12/2014,"5,841.0","5,607.0","5,841.0","5,607.0",0.75K,-3.10%
10/12/2014,"6,028.0","5,981.0","6,028.0","5,981.0",2.41K,0.79%
09/12/2014,"5,981.0","6,168.0","6,168.0","5,981.0",1.50K,-3.03%
08/12/2014,"6,168.0","6,168.0","6,168.0","6,168.0",0.76K,-3.64%
05/12/2014,"6,401.0","6,028.0","6,542.0","6,028.0",1.36K,6.19%
04/12/2014,"6,028.0","6,308.0","6,308.0","6,028.0",5.25K,-3.72%
03/12/2014,"6,261.0","6,074.0","6,261.0","5,747.0",16.81K,9.82%
02/12/2014,"5,701.0","5,654.0","5,701.0","5,560.0",14.55K,2.54%
01/12/2014,"5,560.0","5,560.0","5,560.0","5,560.0",4.71K,0.00%
28/11/2014,"5,560.0","5,560.0","5,560.0","5,560.0",1.50K,0.00%
27/11/2014,"5,560.0","5,560.0","5,560.0","5,560.0",0.15K,-4.04%
25/11/2014,"5,794.0","5,794.0","5,794.0","5,794.0",2.70K,7.84%
24/11/2014,"5,373.0","5,841.0","5,841.0","5,373.0",2.40K,-1.72%
21/11/2014,"5,467.0","5,514.0","5,514.0","5,467.0",7.50K,0.00%
17/11/2014,"5,467.0","5,467.0","5,467.0","5,420.0",18.30K,1.75%
14/11/2014,"5,373.0","5,373.0","5,373.0","5,373.0",10.50K,0.00%
13/11/2014,"5,373.0","5,373.0","5,373.0","5,373.0",13.65K,0.00%
12/11/2014,"5,373.0","5,233.0","5,514.0","5,233.0",2.40K,0.00%
10/11/2014,"5,373.0","5,514.0","5,514.0","5,373.0",1.05K,3.59%
07/11/2014,"5,187.0","5,187.0","5,187.0","5,187.0",13.50K,0.91%
06/11/2014,"5,140.0","5,140.0","5,140.0","5,140.0",9.75K,0.00%
04/11/2014,"5,140.0","5,140.0","5,140.0","5,140.0",1.50K,0.00%
03/11/2014,"5,140.0","5,140.0","5,140.0","5,140.0",2.70K,0.00%
30/10/2014,"5,140.0","5,140.0","5,140.0","5,140.0",1.80K,-0.91%
24/10/2014,"5,187.0","5,607.0","5,607.0","5,187.0",0.45K,0.91%
23/10/2014,"5,140.0","5,140.0","5,187.0","5,140.0",4.50K,8.92%
21/10/2014,"4,719.0","4,719.0","4,719.0","4,719.0",11.70K,-3.81%
20/10/2014,"4,906.0","5,140.0","5,140.0","4,906.0",1.80K,0.00%
17/10/2014,"4,906.0","4,906.0","4,906.0","4,906.0",2.55K,0.00%
15/10/2014,"4,906.0","4,906.0","4,906.0","4,859.0",4.50K,0.00%
13/10/2014,"4,906.0","4,906.0","4,906.0","4,906.0",3.00K,1.93%
10/10/2014,"4,813.0","4,953.0","4,953.0","4,719.0",0.90K,-6.36%
09/10/2014,"5,140.0","5,140.0","5,140.0","5,140.0",0.15K,0.00%
08/10/2014,"5,140.0","5,140.0","5,140.0","5,140.0",3.99K,0.00%
07/10/2014,"5,140.0","4,906.0","5,140.0","4,906.0",1.95K,4.77%
06/10/2014,"4,906.0","4,813.0","4,906.0","4,813.0",11.70K,2.94%
03/10/2014,"4,766.0","4,719.0","4,766.0","4,719.0",5.25K,0.00%
02/10/2014,"4,766.0","4,766.0","4,766.0","4,766.0",0.15K,-0.98%
01/10/2014,"4,813.0","4,813.0","4,813.0","4,813.0",0.15K,3.00%
19/09/2014,"4,673.0","4,673.0","4,673.0","4,673.0",21.00K,0.00%
17/09/2014,"4,673.0","4,673.0","4,673.0","4,673.0",1.50K,0.00%
16/09/2014,"4,673.0","4,532.0","4,673.0","4,532.0",21.15K,0.00%
15/09/2014,"4,673.0","4,579.0","4,673.0","4,579.0",2.25K,-6.54%
12/09/2014,"5,000.0","5,000.0","5,000.0","5,000.0",0.15K,5.95%
11/09/2014,"4,719.0","4,673.0","4,719.0","4,673.0",15.90K,0.98%
09/09/2014,"4,673.0","4,673.0","4,673.0","4,673.0",0.30K,2.05%
05/09/2014,"4,579.0","4,579.0","4,673.0","4,579.0",10.20K,-2.97%
03/09/2014,"4,719.0","4,719.0","4,719.0","4,719.0",1.50K,3.06%
28/08/2014,"4,579.0","4,579.0","4,579.0","4,579.0",7.80K,0.00%
27/08/2014,"4,579.0","4,579.0","4,579.0","4,579.0",6.60K,0.00%
26/08/2014,"4,579.0","4,579.0","4,579.0","4,579.0",6.45K,0.00%
25/08/2014,"4,579.0","4,205.0","4,579.0","4,205.0",7.65K,0.00%
20/08/2014,"4,579.0","4,579.0","4,579.0","4,205.0",13.35K,0.00%
15/08/2014,"4,579.0","4,579.0","4,579.0","4,579.0",1.50K,5.39%
14/08/2014,"4,345.0","4,486.0","4,486.0","4,345.0",4.50K,0.00%
12/08/2014,"4,345.0","4,345.0","4,345.0","4,345.0",0.75K,-3.14%
07/08/2014,"4,486.0","4,345.0","4,486.0","4,299.0",8.25K,-2.03%
01/08/2014,"4,579.0","4,579.0","4,579.0","4,579.0",,0.00%
31/07/2014,"4,579.0","4,579.0","4,579.0","4,579.0",6.45K,0.00%
30/07/2014,"4,579.0","4,579.0","4,579.0","4,579.0",1.50K,0.00%
29/07/2014,"4,579.0","4,579.0","4,579.0","4,579.0",3.00K,0.00%
28/07/2014,"4,579.0","4,486.0","4,579.0","4,299.0",8.55K,-3.92%
25/07/2014,"4,766.0","4,766.0","4,766.0","4,766.0",,0.00%
24/07/2014,"4,766.0","4,766.0","4,766.0","4,766.0",,0.00%
23/07/2014,"4,766.0","4,766.0","4,766.0","4,766.0",,0.00%
22/07/2014,"4,766.0","4,766.0","4,766.0","4,766.0",,0.00%
21/07/2014,"4,766.0","4,766.0","4,766.0","4,766.0",,0.00%
18/07/2014,"4,766.0","4,766.0","4,766.0","4,766.0",,0.00%
17/07/2014,"4,766.0","4,766.0","4,766.0","4,766.0",1.65K,7.37%
16/07/2014,"4,439.0","4,439.0","4,439.0","4,439.0",,0.00%
15/07/2014,"4,439.0","4,439.0","4,439.0","4,439.0",1.80K,-6.86%
14/07/2014,"4,766.0","4,766.0","4,766.0","4,766.0",0.45K,7.37%
09/07/2014,"4,439.0","4,439.0","4,439.0","4,439.0",0.30K,-4.04%
08/07/2014,"4,626.0","4,673.0","4,719.0","4,626.0",3.90K,-1.01%
04/07/2014,"4,673.0","4,673.0","4,673.0","4,673.0",0.45K,0.00%
02/07/2014,"4,673.0","4,673.0","4,673.0","4,673.0",0.30K,-3.83%
26/06/2014,"4,859.0","4,859.0","4,859.0","4,859.0",0.15K,3.98%
25/06/2014,"4,673.0","4,673.0","4,673.0","4,673.0",6.00K,-2.91%
24/06/2014,"4,813.0","4,813.0","4,813.0","4,813.0",0.30K,7.29%
23/06/2014,"4,486.0","4,392.0","4,579.0","4,392.0",3.15K,2.14%
18/06/2014,"4,392.0","4,205.0","4,392.0","4,205.0",12.30K,-5.06%
17/06/2014,"4,626.0","4,626.0","4,626.0","4,626.0",0.15K,-1.01%
12/06/2014,"4,673.0","4,579.0","4,673.0","4,579.0",0.30K,0.00%
11/06/2014,"4,673.0","4,673.0","4,673.0","4,673.0",0.75K,2.05%
04/06/2014,"4,579.0","4,906.0","4,906.0","4,579.0",1.95K,-1.02%
29/05/2014,"4,626.0","4,626.0","4,626.0","4,626.0",13.95K,0.00%
28/05/2014,"4,626.0","4,626.0","4,626.0","4,626.0",1.50K,-1.01%
27/05/2014,"4,673.0","4,673.0","4,673.0","4,673.0",0.60K,0.00%
22/05/2014,"4,673.0","4,673.0","4,673.0","4,673.0",2.25K,-1.95%
21/05/2014,"4,766.0","4,766.0","4,766.0","4,766.0",3.00K,9.69%
20/05/2014,"4,345.0","4,345.0","4,345.0","4,345.0",0.15K,9.39%
19/05/2014,"3,972.0","3,972.0","3,972.0","3,972.0",0.15K,-9.56%
16/05/2014,"4,392.0","4,392.0","4,392.0","4,392.0",0.30K,-8.75%
13/05/2014,"4,813.0","4,813.0","4,813.0","4,813.0",7.95K,-8.03%
09/05/2014,"5,233.0","5,233.0","5,233.0","5,233.0",0.15K,8.73%
08/05/2014,"4,813.0","4,813.0","4,813.0","4,813.0",1.50K,0.00%
05/05/2014,"4,813.0","4,813.0","4,813.0","4,813.0",2.40K,0.00%
28/04/2014,"4,813.0","4,813.0","4,813.0","4,813.0",1.95K,0.00%
25/04/2014,"4,813.0","4,813.0","4,813.0","4,813.0",0.30K,0.00%
24/04/2014,"4,813.0","4,813.0","4,813.0","4,813.0",0.90K,9.71%
23/04/2014,"4,387.0","4,387.0","4,387.0","4,387.0",0.15K,-8.85%
22/04/2014,"4,813.0","4,813.0","4,813.0","4,813.0",3.00K,2.73%
18/04/2014,"4,685.0","4,898.0","4,898.0","4,685.0",8.85K,-9.08%
17/04/2014,"5,153.0","5,153.0","5,153.0","5,153.0",0.15K,9.99%
16/04/2014,"4,685.0","4,685.0","4,685.0","4,685.0",1.50K,0.00%
14/04/2014,"4,685.0","4,685.0","4,685.0","4,685.0",0.90K,-2.66%
11/04/2014,"4,813.0","4,898.0","4,898.0","4,813.0",4.95K,0.90%
10/04/2014,"4,770.0","5,366.0","5,366.0","4,770.0",0.60K,-3.46%
08/04/2014,"4,941.0","4,941.0","4,941.0","4,941.0",0.15K,3.58%
04/04/2014,"4,770.0","4,770.0","4,770.0","4,770.0",0.75K,-2.61%
03/04/2014,"4,898.0","4,642.0","4,898.0","4,642.0",3.15K,3.60%
02/04/2014,"4,728.0","4,728.0","4,728.0","4,728.0",0.15K,-1.77%
01/04/2014,"4,813.0","4,898.0","4,898.0","4,813.0",4.35K,-2.59%
31/03/2014,"4,941.0","4,941.0","4,941.0","4,941.0",0.75K,0.00%
28/03/2014,"4,941.0","4,770.0","4,941.0","4,770.0",0.90K,4.51%
27/03/2014,"4,728.0","4,728.0","4,728.0","4,728.0",1.05K,-5.93%
26/03/2014,"5,026.0","5,026.0","5,026.0","5,026.0",4.35K,-1.66%
25/03/2014,"5,111.0","5,111.0","5,111.0","5,111.0",2.70K,-2.44%
24/03/2014,"5,239.0","5,196.0","5,239.0","5,196.0",16.95K,0.00%
21/03/2014,"5,239.0","5,239.0","5,239.0","5,111.0",6.90K,8.85%
20/03/2014,"4,813.0","4,813.0","4,813.0","4,813.0",16.65K,0.90%
19/03/2014,"4,770.0","4,685.0","4,813.0","4,685.0",18.60K,1.81%
18/03/2014,"4,685.0","4,642.0","4,685.0","4,642.0",6.00K,-9.08%
17/03/2014,"5,153.0","4,515.0","5,196.0","4,515.0",3.45K,7.06%
14/03/2014,"4,813.0","4,855.0","4,855.0","4,813.0",0.90K,-8.13%
13/03/2014,"5,239.0","5,281.0","5,281.0","4,642.0",0.75K,5.14%
12/03/2014,"4,983.0","4,983.0","5,111.0","4,983.0",59.10K,-9.30%
11/03/2014,"5,494.0","5,707.0","5,707.0","4,770.0",1.05K,4.03%
10/03/2014,"5,281.0","4,557.0","5,281.0","4,557.0",0.60K,5.07%
07/03/2014,"5,026.0","5,153.0","5,153.0","4,642.0",4.65K,3.52%
05/03/2014,"4,855.0","4,600.0","4,855.0","4,600.0",1.95K,6.54%
04/03/2014,"4,557.0","4,600.0","4,685.0","4,557.0",5.55K,0.00%
03/03/2014,"4,557.0","5,196.0","5,196.0","4,557.0",0.45K,-6.96%
28/02/2014,"4,898.0","4,728.0","4,898.0","4,728.0",4.80K,4.55%
27/02/2014,"4,685.0","4,429.0","4,685.0","4,429.0",1.20K,0.93%
26/02/2014,"4,642.0","4,642.0","4,642.0","4,557.0",11.55K,0.00%
25/02/2014,"4,642.0","4,600.0","4,642.0","4,600.0",0.75K,2.81%
24/02/2014,"4,515.0","4,515.0","4,515.0","4,515.0",0.15K,0.96%
21/02/2014,"4,472.0","4,515.0","4,557.0","4,472.0",1.20K,-3.66%
20/02/2014,"4,642.0","4,600.0","4,642.0","4,600.0",5.10K,0.91%
19/02/2014,"4,600.0","4,557.0","4,642.0","4,089.0",3.90K,1.88%
18/02/2014,"4,515.0","5,068.0","5,068.0","4,472.0",4.05K,-2.74%
17/02/2014,"4,642.0","4,472.0","4,642.0","4,472.0",8.88K,3.80%
14/02/2014,"4,472.0","4,302.0","4,472.0","4,302.0",1.80K,3.95%
13/02/2014,"4,302.0","4,302.0","4,302.0","4,302.0",0.15K,1.01%
12/02/2014,"4,259.0","4,259.0","4,259.0","4,259.0",1.95K,0.00%
11/02/2014,"4,259.0","4,216.0","4,259.0","4,216.0",1.95K,1.02%
10/02/2014,"4,216.0","4,216.0","4,216.0","4,216.0",6.00K,0.00%
07/02/2014,"4,216.0","4,216.0","4,259.0","4,216.0",12.30K,3.11%
06/02/2014,"4,089.0","4,131.0","4,472.0","4,089.0",4.35K,0.00%
24/01/2014,"4,089.0","3,918.0","4,089.0","3,918.0",1.05K,2.12%
23/01/2014,"4,004.0","3,833.0","4,004.0","3,833.0",0.45K,4.46%
22/01/2014,"3,833.0","4,089.0","4,089.0","3,833.0",9.60K,-6.26%
21/01/2014,"4,089.0","3,918.0","4,089.0","3,918.0",9.15K,0.00%
20/01/2014,"4,089.0","4,131.0","4,131.0","4,046.0",8.40K,4.36%
17/01/2014,"3,918.0","4,089.0","4,089.0","3,918.0",1.95K,-8.01%
15/01/2014,"4,259.0","4,259.0","4,259.0","4,259.0",0.15K,5.26%
14/01/2014,"4,046.0","3,876.0","4,046.0","3,876.0",7.20K,1.05%
13/01/2014,"4,004.0","4,004.0","4,004.0","3,961.0",6.30K,-1.04%
10/01/2014,"4,046.0","3,961.0","4,131.0","3,961.0",22.95K,0.00%
09/01/2014,"4,046.0","3,961.0","4,046.0","3,961.0",1.98K,4.39%
08/01/2014,"3,876.0","3,833.0","3,876.0","3,833.0",4.21K,1.12%
07/01/2014,"3,833.0","4,259.0","4,259.0","3,833.0",27.55K,-9.08%
06/01/2014,"4,216.0","4,216.0","4,216.0","4,216.0",0.30K,9.99%
03/01/2014,"3,833.0","4,131.0","4,131.0","3,833.0",4.36K,-6.26%
02/01/2014,"4,089.0","4,259.0","4,259.0","4,089.0",3.75K,5.50%
31/12/2013,"3,876.0","3,876.0","3,876.0","3,876.0",0.75K,1.12%
30/12/2013,"3,833.0","3,918.0","3,918.0","3,833.0",3.15K,0.00%
27/12/2013,"3,833.0","3,833.0","4,046.0","3,748.0",7.50K,-6.26%
26/12/2013,"4,089.0","4,174.0","4,174.0","4,089.0",4.50K,-56.96%
25/12/2013,"9,500.0","9,500.0","9,500.0","9,500.0",,123.06%
24/12/2013,"4,259.0","4,259.0","4,259.0","4,259.0",0.75K,0.00%
12/12/2013,"4,259.0","4,259.0","4,259.0","4,259.0",2.70K,4.16%
05/12/2013,"4,089.0","4,089.0","4,089.0","4,089.0",0.75K,0.00%
04/12/2013,"4,089.0","3,918.0","4,089.0","3,918.0",1.05K,0.00%
03/12/2013,"4,089.0","4,089.0","4,089.0","4,089.0",0.15K,-5.87%
26/11/2013,"4,344.0","4,259.0","4,344.0","4,174.0",1.95K,2.00%
25/11/2013,"4,259.0","4,259.0","4,259.0","4,259.0",1.50K,0.00%
21/11/2013,"4,259.0","4,259.0","4,259.0","4,259.0",0.60K,5.26%
20/11/2013,"4,046.0","4,174.0","4,174.0","4,046.0",0.45K,-5.00%
12/11/2013,"4,259.0","4,259.0","4,259.0","4,259.0",0.30K,0.00%
01/11/2013,"4,259.0","4,259.0","4,259.0","4,259.0",0.15K,0.00%
28/10/2013,"4,259.0","4,259.0","4,259.0","4,259.0",0.15K,0.00%
23/10/2013,"4,259.0","4,259.0","4,259.0","4,259.0",0.15K,6.37%
22/10/2013,"4,004.0","3,961.0","4,004.0","3,961.0",0.45K,0.00%
18/10/2013,"4,004.0","4,004.0","4,004.0","4,004.0",0.15K,9.31%
17/10/2013,"3,663.0","3,705.0","3,705.0","3,663.0",1.50K,0.00%
16/10/2013,"3,663.0","3,663.0","3,663.0","3,663.0",0.15K,-9.47%
15/10/2013,"4,046.0","4,046.0","4,046.0","4,046.0",0.30K,0.00%
10/10/2013,"4,046.0","4,089.0","4,089.0","4,046.0",2.10K,-5.00%
08/10/2013,"4,259.0","4,259.0","4,259.0","4,259.0",0.42K,0.00%
07/10/2013,"4,259.0","4,259.0","4,259.0","4,259.0",1.50K,0.00%
30/09/2013,"4,259.0","4,344.0","4,344.0","4,259.0",1.95K,0.00%
27/09/2013,"4,259.0","4,259.0","4,259.0","4,259.0",0.15K,7.52%
25/09/2013,"3,961.0","3,961.0","3,961.0","3,961.0",0.15K,-8.82%
24/09/2013,"4,344.0","4,344.0","4,344.0","4,344.0",0.15K,4.07%
11/09/2013,"4,174.0","4,174.0","4,174.0","4,174.0",1.50K,0.00%
09/09/2013,"4,174.0","4,174.0","4,174.0","4,174.0",0.15K,-9.26%
09/08/2013,"4,600.0","4,600.0","4,600.0","4,600.0",0.30K,0.94%
05/08/2013,"4,557.0","4,557.0","4,557.0","4,557.0",0.15K,8.09%
02/08/2013,"4,216.0","4,216.0","4,216.0","4,216.0",0.15K,9.99%
30/07/2013,"3,833.0","3,833.0","3,876.0","3,833.0",1.20K,0.00%
29/07/2013,"3,833.0","4,259.0","4,259.0","3,833.0",2.10K,-9.08%
26/07/2013,"4,216.0","4,216.0","4,216.0","4,216.0",0.15K,-7.48%
25/07/2013,"4,557.0","4,557.0","4,557.0","4,557.0",1.50K,0.00%
24/07/2013,"4,557.0","4,515.0","4,557.0","4,515.0",1.20K,0.00%
22/07/2013,"4,557.0","4,557.0","4,557.0","4,557.0",1.95K,9.18%
19/07/2013,"4,174.0","4,174.0","4,174.0","4,174.0",0.15K,-7.55%
18/07/2013,"4,515.0","4,515.0","4,515.0","4,515.0",0.15K,-8.62%
17/07/2013,"4,941.0","4,941.0","4,941.0","4,941.0",0.15K,-9.37%
16/07/2013,"5,452.0","5,452.0","5,452.0","5,452.0",0.15K,0.00%
08/07/2013,"5,452.0","5,452.0","5,452.0","5,452.0",0.60K,-6.56%
04/07/2013,"5,835.0","5,835.0","5,835.0","5,835.0",0.15K,9.60%
26/06/2013,"5,324.0","5,324.0","5,324.0","5,324.0",1.50K,3.32%
25/06/2013,"5,153.0","4,216.0","5,153.0","4,216.0",15.15K,9.99%
21/06/2013,"4,685.0","4,685.0","4,685.0","4,685.0",0.15K,10.00%
20/06/2013,"4,259.0","4,259.0","4,259.0","4,259.0",9.30K,1.02%
18/06/2013,"4,216.0","4,216.0","4,216.0","4,216.0",0.15K,-10.01%
17/06/2013,"4,685.0","4,685.0","4,685.0","4,685.0",0.15K,-8.33%
13/06/2013,"5,111.0","4,728.0","5,111.0","4,728.0",0.90K,0.00%
12/06/2013,"5,111.0","5,111.0","5,111.0","5,111.0",0.15K,-8.39%
11/06/2013,"5,579.0","5,579.0","5,579.0","5,579.0",0.15K,-9.67%
07/06/2013,"6,176.0","6,176.0","6,176.0","6,176.0",0.15K,-6.45%
04/06/2013,"6,602.0","6,602.0","6,602.0","6,602.0",1.35K,-8.28%
31/05/2013,"7,198.0","6,346.0","7,198.0","6,346.0",0.30K,2.43%
30/05/2013,"7,027.0","7,027.0","7,027.0","7,027.0",4.20K,-7.83%
29/05/2013,"7,624.0","7,624.0","7,624.0","7,624.0",0.15K,9.15%
27/05/2013,"6,985.0","6,985.0","6,985.0","6,985.0",0.15K,9.33%
07/05/2013,"6,389.0","6,389.0","6,389.0","6,389.0",0.30K,0.00%
02/05/2013,"6,389.0","6,788.0","6,788.0","6,389.0",1.35K,0.00%
25/04/2013,"6,389.0","6,389.0","6,389.0","6,389.0",0.60K,8.84%
12/04/2013,"5,870.0","6,429.0","6,429.0","5,870.0",2.55K,0.00%
26/03/2013,"5,870.0","5,870.0","5,870.0","5,870.0",0.15K,8.91%
06/03/2013,"5,390.0","5,390.0","5,390.0","5,390.0",0.60K,0.00%
20/02/2013,"5,390.0","5,390.0","5,390.0","5,390.0",0.15K,0.00%
31/01/2013,"5,390.0","5,390.0","5,390.0","5,390.0",0.15K,9.75%
27/12/2012,"4,911.0","4,911.0","4,911.0","4,911.0",0.15K,6.95%
26/12/2012,"4,592.0","4,592.0","4,592.0","4,592.0",0.15K,6.49%
25/12/2012,"4,312.0","4,312.0","4,312.0","4,312.0",0.15K,6.92%
03/12/2012,"4,033.0","4,033.0","4,033.0","4,033.0",0.15K,-6.47%
30/11/2012,"4,312.0","4,312.0","4,312.0","4,312.0",0.15K,6.92%
29/11/2012,"4,033.0","4,033.0","4,033.0","4,033.0",0.15K,-6.47%
27/11/2012,"4,312.0","3,753.0","4,312.0","3,753.0",0.45K,6.92%
26/11/2012,"4,033.0","3,793.0","4,033.0","3,594.0",0.60K,6.33%
23/11/2012,"3,793.0","3,793.0","3,793.0","3,793.0",0.15K,0.00%
12/11/2012,"3,793.0","3,793.0","3,793.0","3,793.0",1.95K,6.72%
22/10/2012,"3,554.0","3,793.0","3,793.0","3,554.0",4.35K,-6.30%
16/10/2012,"3,793.0","3,793.0","3,793.0","3,793.0",0.15K,-6.87%
15/10/2012,"4,073.0","4,073.0","4,073.0","4,073.0",0.15K,-6.41%
12/10/2012,"4,352.0","4,352.0","4,352.0","4,352.0",0.75K,-6.85%
11/10/2012,"4,672.0","4,791.0","4,791.0","4,672.0",0.30K,-6.39%
26/07/2012,"4,991.0","4,991.0","4,991.0","4,991.0",0.75K,4.17%
23/07/2012,"4,791.0","4,791.0","4,791.0","4,791.0",0.30K,0.00%
16/07/2012,"4,791.0","4,791.0","4,791.0","4,791.0",0.15K,-2.44%
06/07/2012,"4,911.0","4,911.0","4,911.0","4,911.0",0.15K,0.00%
25/06/2012,"4,911.0","4,911.0","4,911.0","4,911.0",0.75K,-6.83%
20/06/2012,"5,271.0","5,271.0","5,271.0","5,271.0",0.30K,1.54%
19/06/2012,"5,191.0","5,191.0","5,191.0","5,191.0",0.15K,6.57%
14/06/2012,"4,871.0","4,552.0","5,191.0","4,552.0",0.45K,0.00%
12/06/2012,"4,871.0","5,231.0","5,231.0","4,871.0",0.45K,-6.88%
08/06/2012,"5,231.0","5,231.0","5,231.0","5,231.0",0.75K,-5.75%
07/06/2012,"5,550.0","5,550.0","5,550.0","5,550.0",0.75K,6.10%
25/05/2012,"5,231.0","4,871.0","5,231.0","4,871.0",0.45K,0.00%
21/05/2012,"5,231.0","4,871.0","5,231.0","4,871.0",0.30K,0.00%
11/05/2012,"5,231.0","5,231.0","5,231.0","5,231.0",0.30K,0.00%
10/05/2012,"5,231.0","5,231.0","5,231.0","5,231.0",0.15K,0.00%
09/05/2012,"5,231.0","5,231.0","5,231.0","5,231.0",0.15K,0.00%
03/05/2012,"5,231.0","5,231.0","5,231.0","5,231.0",0.15K,0.00%
02/05/2012,"5,231.0","5,231.0","5,231.0","5,231.0",1.50K,-6.42%
19/04/2012,"5,590.0","5,590.0","5,590.0","5,590.0",0.75K,0.00%
13/04/2012,"5,590.0","5,590.0","5,590.0","5,590.0",0.15K,5.25%
12/04/2012,"5,311.0","5,311.0","5,311.0","5,311.0",1.50K,5.57%
09/04/2012,"5,031.0","4,392.0","5,031.0","4,392.0",0.60K,6.77%
05/04/2012,"4,712.0","4,712.0","4,712.0","4,712.0",0.15K,-6.34%
26/03/2012,"5,031.0","5,031.0","5,031.0","5,031.0",0.45K,1.62%
21/03/2012,"4,951.0","4,951.0","4,951.0","4,951.0",0.30K,0.00%
19/03/2012,"4,951.0","4,951.0","4,951.0","4,951.0",1.50K,0.00%
16/03/2012,"4,951.0","4,911.0","4,951.0","4,911.0",3.45K,-6.07%
09/03/2012,"5,271.0","5,271.0","5,271.0","5,271.0",1.50K,0.00%
06/03/2012,"5,271.0","5,271.0","5,271.0","5,271.0",0.15K,6.46%
02/03/2012,"4,951.0","4,991.0","4,991.0","4,951.0",1.05K,-6.78%
28/02/2012,"5,311.0","5,311.0","5,311.0","5,311.0",0.30K,-6.99%
23/02/2012,"5,710.0","5,710.0","5,710.0","5,710.0",1.50K,5.94%
22/02/2012,"5,390.0","5,283.0","5,390.0","5,283.0",2.25K,2.03%
21/02/2012,"5,283.0","5,283.0","5,283.0","5,283.0",3.75K,5.01%
17/02/2012,"5,031.0","4,887.0","5,031.0","4,887.0",0.30K,6.05%
16/02/2012,"4,744.0","4,744.0","4,744.0","4,744.0",0.60K,3.94%
15/02/2012,"4,564.0","4,564.0","4,564.0","4,564.0",1.20K,6.74%
14/02/2012,"4,276.0","4,276.0","4,276.0","4,276.0",0.15K,5.29%
13/02/2012,"4,061.0","4,061.0","4,061.0","4,061.0",0.15K,2.73%
10/02/2012,"3,953.0","3,917.0","3,953.0","3,917.0",2.10K,3.78%
10/01/2012,"3,809.0","3,809.0","3,809.0","3,809.0",5.25K,0.00%
05/01/2012,"3,809.0","3,809.0","3,809.0","3,809.0",0.45K,0.00%
